episode,episode_step,global_step,reward,terminated,truncated,model_steering,model_drive,obs_lidar_00,obs_lidar_01,obs_lidar_02,obs_lidar_03,obs_lidar_04,obs_lidar_05,obs_lidar_06,obs_lidar_07,obs_lidar_08,obs_lidar_09,obs_lidar_10,obs_lidar_11,obs_lidar_min,obs_front_lidar_min,obs_left_lidar_min,obs_back_lidar_min,obs_right_lidar_min,obs_vision_visible,obs_pursuer_dx,obs_pursuer_dy,obs_pursuer_distance,obs_pursuer_sin_bearing,obs_ego_speed,obs_ego_acceleration,obs_ego_steering,obs_ego_yaw_rate,obs_ego_heading_sin,obs_ego_heading_cos,obs_ego_touch,obs_avoidance_front_risk,obs_avoidance_danger_delta,obs_avoidance_turn_direction,obs_avoidance_heading_progress,obs_avoidance_heading_remaining,distance_to_pursuer,obstacle_distance,front_obstacle_distance,left_obstacle_distance,right_obstacle_distance,back_obstacle_distance,front_corridor_risk,obstacle_risk_escape_scale,min_lidar,front_lidar,pursuer_visible,front_pursuer_visible,left_pursuer_visible,right_pursuer_visible,back_pursuer_visible,pursuer_reward_total,obstacle_reward_total,movement_reward_total,stability_reward_total,survival_reward_total,front_obstacle_penalty,side_obstacle_penalty,back_obstacle_penalty,obstacle_clearance_delta_reward,obstacle_collision_free_reward,back_approach_penalty,front_blocked_speed_penalty,front_blocked_drive_penalty,front_blocked_straight_penalty,front_blocked_brake_reward,obstacle_action_reward,obstacle_action_penalty,obstacle_target_steering,obstacle_target_drive,obstacle_steering_error,obstacle_drive_error,obstacle_turn_commitment_reward,obstacle_turn_switch_penalty,obstacle_turn_progress_reward,obstacle_wrong_heading_penalty,obstacle_insufficient_turn_penalty,obstacle_heading_progress,obstacle_heading_goal,obstacle_safety_intervention_penalty,moving_away_reward,visual_moving_away_reward,radial_escape_reward,tangential_orbit_penalty,raw_distance_delta,distance_delta,exploration_reward,movement_reward,rewarded_moved_distance,still_penalty,obstacle_stall_penalty,fast_turn_penalty,tight_turn_penalty,long_curve_penalty,straight_drive_reward,clear_path_straight_reward,unnecessary_turn_penalty,avoidance_turn_reward,over_avoidance_turn_penalty,clear_front_turn_penalty,straighten_reward,turn_towards_obstacle_penalty,turn_towards_visible_pursuer_penalty,path_prediction_reward,action_smoothness_penalty,tilt_penalty,overspeed_penalty,survival_reward,captured,obstacle_collision,rollover,touch_contact,raw_touch_sensor_contact,touch_collision_plausible,moved_distance,speed_kmh,target_speed,throttle,brake,policy_steering,policy_drive,policy_steering_index,policy_drive_index,quantized_steering,quantized_drive,applied_steering,applied_drive,current_steering,steering_direction_streak,obstacle_turn_direction,obstacle_safety_active,obstacle_safety_action_delta,evader_steering_target,evader_steering_command_target,evader_steering_stabilization_active,evader_steering_stabilization_delta,evader_steering_commit_direction,evader_steering_commit_steps_left,pursuer_avoidance_active,pursuer_avoidance_obstacle_count,pursuer_avoidance_side,pursuer_avoidance_commit_steps_left,pursuer_return_to_chase_steps_left,pursuer_contact_active,pursuer_contact_source,pursuer_contact_memory_steps_left,pursuer_x,pursuer_y,pursuer_next_x,pursuer_next_y,pursuer_move_x,pursuer_move_y,pursuer_move_distance,pursuer_heading,pursuer_guidance_x,pursuer_guidance_y,pursuer_knows_exact_position,pursuer_target_x,pursuer_target_y,pursuer_lidar_avoidance_active,pursuer_lidar_front_distance,pursuer_lidar_left_distance,pursuer_lidar_right_distance,pursuer_lidar_danger_count,pursuer_planner_active,pursuer_planner_path_length,pursuer_planner_replan,pursuer_planner_stuck_recovery,pursuer_count,pursuer_direct_chase_hold_steps_left,pursuer_behavior_limited,pursuer_line_of_sight,pursuer_info_mode,pursuer_hint_refresh,pursuer_hint_age_seconds,timing_total_ms,timing_control_ms,timing_pursuer_ms,timing_webots_ms,timing_webots_max_step_ms,timing_webots_steps,timing_observation_ms,timing_reward_ms,timing_finish_ms,timing_display_ms
1,1,1,-2.1879494899326284,0,0,2.0,3.0,0.6586655974388123,0.6072508096694946,0.7326591610908508,1.0,0.7312080264091492,0.8134255409240723,1.0,1.0,1.0,1.0,1.0,1.0,0.6072508096694946,0.6072508096694946,0.7312080264091492,1.0,1.0,1.0,0.36954542994499207,-0.7055748701095581,0.7964921593666077,-0.8858528733253479,-7.675859592382039e-07,-4.6641507651656866e-05,0.0,-0.020573485642671585,0.004126009531319141,-0.9999914765357971,0.0,0.0,0.0,0.0,0.0,0.0,95.5833740234375,15.184897422790527,15.184897422790527,18.27799415588379,25.0,25.0,0.0,1.0,0.6073958969116211,0.6073958969116211,1.0,0.0,0.0,1.0,0.0,-0.5067715868353844,0.1552253857626297,-2.991403269190341,1.1549999803304674,0.0,-0.0,-0.001749824824847785,-1.3619978928745457e-05,0.00698883056640625,0.15,-0.0,0.0,0.0,-0.0,0.0,0.0,0.0,0.0,0.35,0.0,0.0,0.0,0.0,0.0,0.0,0.0,0.0,0.25,-0.0,0.01727294921875,0.0,-0.006771586835384369,-0.0,0.0043182373046875,0.0043182373046875,-0.05,0.002596731763333082,0.0017311545088887215,-3.0,0.0,-0.0,-0.0,-0.0,0.5599999904632569,0.699999988079071,-0.0,0.0,-0.0,-0.0,0.0,0.0,0.0,0.0,-0.10499999821186065,-0.0,-0.0,0.0,0.0,0.0,0.0,0.0,0.0,0.0,0.0017311545088887215,0.2506571370363236,32.4,0.7326086850269979,0.0,0.0,0.699999988079071,2.0,3.0,0.0,0.699999988079071,0.0,0.699999988079071,0.0,0.0,0.0,0.0,0.0,0.0,0.0,0.0,0.0,0.0,0.0,0.0,0.0,0.0,0.0,0.0,0.0,0.0,0.0,0.0,0.0,0.0,0.0,0.0,0.0,0.0,0.0,0.0,0.0,0.0,0.0,0.0,0.0,28.0,28.0,28.0,0.0,0.0,0.0,0.0,0.0,1.0,0.0,1.0,0.0,0.0,0.0,0.04,89.26599996630102,0.5400999216362834,0.000800006091594696,80.47789998818189,39.025000063702464,4.0,4.5291000278666615,2.867799950763583,0.7925999816507101,0.000900006853044033
1,2,2,-3.623997128334097,0,0,3.0,3.0,0.6580486297607422,0.6073958873748779,0.7341697216033936,1.0,0.7311197519302368,0.8144581317901611,1.0,1.0,1.0,1.0,1.0,1.0,0.6073958873748779,0.6073958873748779,0.7311197519302368,1.0,1.0,1.0,0.3696228861808777,-0.7055748701095581,0.7965281009674072,-0.8858129382133484,0.0035808163229376078,0.21758432686328888,0.0,-0.014697430655360222,0.0052558076567947865,-0.9999861717224121,0.0,0.0,0.0,0.0,0.0,0.0,95.59062194824219,15.184897422790527,15.184897422790527,18.27799415588379,25.0,25.0,0.0,1.0,0.6073958969116211,0.6073958969116211,1.0,0.0,0.0,1.0,0.0,-0.4951808024197817,0.14823655519622347,-2.9904881934216245,-0.2865646876889142,0.0,-0.0,-0.001749824824847785,-1.3619978928745457e-05,0.0,0.15,-0.0,0.0,0.0,-0.0,0.0,0.0,0.0,0.0,0.35,0.0,0.0,0.0,0.0,0.0,0.0,0.0,0.0,0.25,-0.0,0.02899169921875,0.0,0.004819197580218315,-0.0,0.0072479248046875,0.0072479248046875,-0.05,0.0035118075320497155,0.002341205021366477,-3.0,0.0,-0.000351837390520743,-0.0,-0.0,0.4378181743621827,0.5472727179527282,-0.15272727012634274,0.0,-0.06664462696422228,-0.12540911865234375,0.0,0.0,-0.9085227272727271,0.0,-0.017999999597668646,-0.0,-0.0,0.0,0.0,0.0,0.0,0.0,0.0,0.0,0.002341205021366477,0.3420641296729446,32.4,0.7326086850269979,0.0,0.25,0.699999988079071,3.0,3.0,0.25,0.699999988079071,0.11999999731779099,0.699999988079071,0.12,1.0,0.0,0.0,0.0,0.25,0.25,1.0,0.13,0.0,0.0,0.0,0.0,0.0,0.0,0.0,0.0,0.0,0.0,0.0,0.0,0.0,0.0,0.0,0.0,0.0,0.0,0.0,0.0,0.0,0.0,0.0,0.0,28.0,28.0,28.0,0.0,0.0,0.0,0.0,0.0,1.0,0.0,1.0,0.0,0.0,0.0,0.08,32.53529989160597,0.5392999155446887,0.000800006091594696,24.11300002131611,11.795500060543418,4.0,5.085900076664984,2.0800000056624413,0.6723999977111816,0.0005998881533741951
1,3,3,-3.7256632377820798,0,0,3.0,3.0,0.6580486297607422,0.6073958873748779,0.7341697216033936,1.0,0.7311197519302368,0.8144581317901611,1.0,1.0,1.0,1.0,1.0,1.0,0.6073958873748779,0.6073958873748779,0.7311197519302368,1.0,1.0,1.0,0.36972373723983765,-0.7055902481079102,0.7965885400772095,-0.885765016078949,0.004886630456894636,0.07934635132551193,0.2181818187236786,-0.014697430655360222,0.005153982900083065,-0.9999867081642151,0.0,0.0,0.0,0.0,0.0,0.0,95.5947036743164,15.184286117553711,15.184286117553711,18.27764892578125,25.0,25.0,0.0,1.0,0.6073714447021484,0.6073714447021484,1.0,0.0,0.0,1.0,0.0,-0.4885029038414359,0.14801155400098193,-1.436216402919963,-1.9489554850216626,0.0,-0.0,-0.00175000683673972,-1.3619978928745457e-05,-0.00022481918334960936,0.15,-0.0,0.0,0.0,-0.0,0.0,0.0,0.0,0.0,0.35,0.0,0.0,0.0,0.0,0.0,0.0,0.0,0.0,0.25,-0.0,0.016326904296875,0.0,0.01149709615856409,-0.0,0.00408172607421875,0.00408172607421875,1.5,0.007783598033711314,0.005189065355807543,-3.0,0.0,-0.0012618916618568556,-0.0,-0.0,0.3156363582611085,0.39454544782638556,-0.3054545402526855,0.0,-0.26657850785688914,-0.25079689719460224,0.0,0.0,-1.8170454545454542,0.0,-0.017999999597668646,-0.0,-0.0,0.0,0.0,0.0,0.0,0.0,0.0,0.0,0.005189065355807543,0.6134195578470826,32.4,0.7326086850269979,0.0,0.25,0.699999988079071,3.0,3.0,0.25,0.699999988079071,0.23999999463558197,0.699999988079071,0.24,2.0,0.0,0.0,0.0,0.25,0.25,1.0,0.010000000000000009,0.0,0.0,0.0,0.0,0.0,0.0,0.0,0.0,0.0,0.0,0.0,0.0,0.0,0.0,0.0,0.0,0.0,0.0,0.0,0.0,0.0,0.0,0.0,0.0,28.0,28.0,28.0,0.0,0.0,0.0,0.0,0.0,1.0,0.0,1.0,0.0,0.0,0.0,0.12,52.662699948996305,0.5134999519214034,0.000500003807246685,45.727599994279444,30.712999985553324,4.0,3.489100025035441,2.165899961255491,0.7221000269055367,0.000400003045797348
1,4,4,-5.3834654789054674,0,0,3.0,3.0,0.657937228679657,0.60737144947052,0.7342875003814697,1.0,0.7311059832572937,0.8145504593849182,1.0,1.0,1.0,1.0,1.0,1.0,0.60737144947052,0.60737144947052,0.7311059832572937,1.0,1.0,1.0,0.36978664994239807,-0.7055957317352295,0.7966225147247314,-0.8857340812683105,0.008763136342167854,0.23555158078670502,0.4363636374473572,0.0016273987712338567,0.005085797049105167,-0.9999870657920837,0.0,0.0,0.0,0.0,0.0,0.0,95.59809875488281,15.179035186767578,15.179035186767578,18.280126571655273,25.0,25.0,0.0,1.0,0.6071614074707031,0.6071614074707031,1.0,0.0,0.0,1.0,0.0,-0.48410451225936413,0.16033249119858015,-2.9824133720993995,-2.077280085745284,0.0,-0.0,-0.0017487010387282785,-1.3619978928745457e-05,0.0004068374633789064,0.15,-0.0,0.0,0.0,-0.0,0.0,0.0,0.0,0.0,0.35,0.0,0.0,0.0,0.0,0.0,0.0,0.0,0.0,0.25,-0.0,0.013580322265625,0.0,0.015895487740635872,-0.0,0.00339508056640625,0.00339508056640625,-0.05,0.01158662885427475,0.0077244192361831665,-3.0,0.0,-0.0018032875332981348,-0.0,-0.0,0.30545454025268554,0.3818181753158569,-0.3181818127632141,0.0,-0.2892561934211037,-0.2610558249733665,0.0,0.0,-1.8927556818181817,0.011687974752858281,-0.0015000008046627043,-0.0,-0.0,0.0,0.0,0.0,0.0,0.0,0.0,0.0,0.0077244192361831665,0.8415341822057962,32.4,0.7326086850269979,0.0,0.25,0.699999988079071,3.0,3.0,0.25,0.699999988079071,0.25,0.699999988079071,0.25,3.0,0.0,0.0,0.0,0.25,0.25,0.0,0.0,0.0,0.0,0.0,0.0,0.0,0.0,0.0,0.0,0.0,0.0,0.0,0.0,0.0,0.0,0.0,0.0,0.0,0.0,0.0,0.0,0.0,0.0,0.0,0.0,28.0,28.0,28.0,0.0,0.0,0.0,0.0,0.0,1.0,0.0,1.0,0.0,0.0,0.0,0.16,46.740800025872886,0.6077999714761972,0.000500003807246685,36.51420003734529,18.623500014655292,4.0,6.226500030606985,2.5804999750107527,0.7654000073671341,0.000500003807246685
1,5,5,-5.356004070902191,0,0,3.0,4.0,0.6576389074325562,0.6071614027023315,0.7341529726982117,1.0,0.7312050461769104,0.8147689700126648,1.0,1.0,1.0,1.0,1.0,1.0,0.6071614027023315,0.6071614027023315,0.7312050461769104,1.0,1.0,1.0,0.3698580861091614,-0.7055902481079102,0.7966508269309998,-0.8856956958770752,0.012021916918456554,0.19801616668701172,0.4545454680919647,-0.005543218459933996,0.00535415718331933,-0.9999856948852539,0.0,0.0,0.0,0.0,0.0,0.0,95.60250854492188,15.179035186767578,15.179035186767578,18.280126571655273,25.0,25.0,0.0,1.0,0.6071614074707031,0.6071614074707031,1.0,0.0,0.0,1.0,0.0,-0.4789459854364395,0.16400214022586812,-2.953866072725505,-2.0871941529661147,0.0,-0.0,-0.0017487010387282785,-1.3619978928745457e-05,0.0,0.15,-0.0,0.0,0.0,-0.0,0.0,0.0,0.0,0.0,0.35,0.0,0.0,0.0,0.0,0.0,0.0,0.0,0.0,0.25,-0.0,0.01763916015625,0.0,0.021054014563560486,-0.0,0.0044097900390625,0.0044097900390625,-0.05,0.016133927274495363,0.010755951516330242,-3.0,0.0,-0.002432231163286737,-0.0,-0.0,0.43636363636363634,0.5454545454545454,-0.45454545454545453,0.0,-0.4132231404958677,-0.2610558249733665,0.0,0.0,-1.8927556818181817,0.01576446124352515,-0.04500000178813934,-0.0,-0.0,0.0,0.0,0.0,0.0,0.0,0.0,0.0,0.010755951516330242,1.1350412095338105,32.4,1.0,0.0,0.25,1.0,3.0,4.0,0.25,1.0,0.25,1.0,0.25,4.0,0.0,0.0,0.0,0.25,0.25,0.0,0.0,0.0,0.0,0.0,0.0,0.0,0.0,0.0,0.0,0.0,0.0,0.0,0.0,0.0,0.0,0.0,0.0,0.0,0.0,0.0,0.0,0.0,0.0,0.0,0.0,28.0,28.0,28.0,0.0,0.0,0.0,0.0,0.0,1.0,0.0,1.0,0.0,0.0,0.0,0.2,25.665600085631013,0.6834000814706087,0.000700005330145359,15.238499967381358,7.694300031289458,4.0,5.045500001870096,3.9020999101921916,0.7568000582978129,0.000400003045797348
1,6,6,-5.409514199486123,0,0,3.0,3.0,0.6576389074325562,0.6071614027023315,0.7341529726982117,1.0,0.7312050461769104,0.8147689700126648,1.0,1.0,1.0,1.0,1.0,1.0,0.6071614027023315,0.6071614027023315,0.7312050461769104,1.0,1.0,1.0,0.3699502944946289,-0.705583393573761,0.7966875433921814,-0.8856462240219116,0.016214873641729355,0.2547804117202759,0.4545454680919647,-0.005543218459933996,0.005988364107906818,-0.9999820590019226,0.0,0.0,0.0,0.0,0.0,0.0,95.60807800292969,15.162885665893555,15.162885665893555,18.285581588745117,25.0,25.0,0.0,1.0,0.6065154266357422,0.6065154266357422,1.0,0.0,0.0,1.0,0.0,-0.47754015773534775,0.16610520207807578,-2.973752007894218,-2.124327235934634,0.0,-0.0,-0.00174582986978862,-1.3619978928745457e-05,-0.0004808425903320311,0.15,-0.0,0.0,0.0,-0.0,0.0,0.0,0.0,0.0,0.35,0.0,0.0,0.0,0.0,0.0,0.0,0.0,0.0,0.25,-0.0,0.02227783203125,-0.00341796875,0.025877811014652252,-0.0,0.0055694580078125,0.0055694580078125,-0.05,0.02024799305945635,0.013498662039637566,-3.0,0.0,-0.0028304477254993145,-0.0,-0.0,0.30545454025268554,0.3818181753158569,-0.3181818127632141,0.0,-0.2892561934211037,-0.26046856966885656,0.0,0.0,-1.8958629261363635,0.01834549451712519,-0.04500000178813934,-0.0,-0.0,0.0,0.0,0.0,0.0,0.0,0.0,0.0,0.013498662039637566,1.3208756052330135,32.4,0.7326086850269979,0.0,0.25,0.699999988079071,3.0,3.0,0.25,0.699999988079071,0.25,0.699999988079071,0.25,5.0,0.0,0.0,0.0,0.25,0.25,0.0,0.0,0.0,0.0,0.0,0.0,0.0,0.0,0.0,0.0,0.0,0.0,0.0,0.0,0.0,0.0,0.0,0.0,0.0,0.0,0.0,0.0,0.0,0.0,0.0,0.0,28.0,28.0,28.0,0.0,0.0,0.0,0.0,0.0,1.0,0.0,1.0,0.0,0.0,0.0,0.24,69.01969993487,0.8199999574571848,0.000700005330145359,51.57489993143827,21.32329996675253,4.0,12.770600034855306,3.060900024138391,0.7502000080421567,0.000500003807246685
1,7,7,-5.3340842830886785,0,0,3.0,4.0,0.6565815210342407,0.6065154075622559,0.7339943051338196,1.0,0.7314232587814331,0.8155255317687988,1.0,1.0,1.0,1.0,1.0,1.0,0.6065154075622559,0.6065154075622559,0.7314232587814331,1.0,1.0,1.0,0.3700619637966156,-0.7055771946907043,0.7967339754104614,-0.8855869174003601,0.01886965148150921,0.16131457686424255,0.4545454680919647,-0.011654959060251713,0.006890296470373869,-0.9999762773513794,0.0,0.0,0.0,0.0,0.0,0.0,95.615234375,15.162885665893555,15.162885665893555,18.285581588745117,25.0,25.0,0.0,1.0,0.6065154266357422,0.6065154266357422,1.0,0.0,0.0,1.0,0.0,-0.46847571060061455,0.1703522437673078,-2.945267386995256,-2.0906934292601154,0.0,-0.0,-0.00174582986978862,-1.3619978928745457e-05,0.0,0.15,-0.0,0.0,0.0,-0.0,0.0,0.0,0.0,0.0,0.35,0.0,0.0,0.0,0.0,0.0,0.0,0.0,0.0,0.25,-0.0,0.02862548828125,0.0,0.03152428939938545,-0.0,0.0071563720703125,0.0071563720703125,-0.05,0.024732613004744053,0.01648840866982937,-3.0,0.0,-0.003411518443615309,-0.0,-0.0,0.43636363636363634,0.5454545454545454,-0.45454545454545453,0.0,-0.4132231404958677,-0.26046856966885656,0.0,0.0,-1.8958629261363635,0.02211169361602515,-0.04500000178813934,-0.0,-0.0,0.0,0.0,0.0,0.0,0.0,0.0,0.0,0.01648840866982937,1.5920419403538109,32.4,1.0,0.0,0.25,1.0,3.0,4.0,0.25,1.0,0.25,1.0,0.25,6.0,0.0,0.0,0.0,0.25,0.25,0.0,0.0,0.0,0.0,0.0,0.0,0.0,0.0,0.0,0.0,0.0,0.0,0.0,0.0,0.0,0.0,0.0,0.0,0.0,0.0,0.0,0.0,0.0,0.0,0.0,0.0,28.0,28.0,28.0,0.0,0.0,0.0,0.0,0.0,1.0,0.0,1.0,0.0,0.0,0.0,0.28,21.85540006030351,0.5365000106394291,0.000700005330145359,13.786999974399805,10.702400002628565,4.0,3.588699968531728,3.212600015103817,0.7066000252962112,0.000600004568696022
1,8,8,-5.39816032841774,0,0,3.0,3.0,0.6565815210342407,0.6065154075622559,0.7339943051338196,1.0,0.7314232587814331,0.8155255317687988,1.0,1.0,1.0,1.0,1.0,1.0,0.6065154075622559,0.6065154075622559,0.7314232587814331,1.0,1.0,1.0,0.3701969385147095,-0.7055737376213074,0.7967936396598816,-0.8855162858963013,0.022743456065654755,0.23538744449615479,0.4545454680919647,-0.011654959060251713,0.008039519190788269,-0.9999676942825317,0.0,0.0,0.0,0.0,0.0,0.0,95.62409210205078,15.132946014404297,15.132946014404297,18.293264389038086,25.0,25.0,0.0,1.0,0.6053178405761719,0.6053178405761719,1.0,0.0,0.0,1.0,0.0,-0.47154614329338074,0.17019820866290863,-2.96503352381289,-2.1317788699743785,0.0,-0.0,-0.0017417949836124672,-1.3619978928745457e-05,-0.0028356552124023425,0.15,-0.0,0.0,0.0,-0.0,0.0,0.0,0.0,0.0,0.35,0.0,0.0,0.0,0.0,0.0,0.0,0.0,0.0,0.25,-0.0,0.035430908203125,-0.00830078125,0.03675463795661926,-0.0,0.00885772705078125,0.00885772705078125,-0.05,0.028966477140784264,0.019310984760522842,-3.0,0.0,-0.003824631592125765,-0.0,-0.0,0.30545454025268554,0.3818181753158569,-0.3181818127632141,0.0,-0.2892561934211037,-0.25937985506924716,0.0,0.0,-1.9034090909090908,0.02478927883785218,-0.04500000178813934,-0.0,-0.0,0.0,0.0,0.0,0.0,0.0,0.0,0.0,0.019310984760522842,1.784828076325357,32.4,0.7326086850269979,0.0,0.25,0.699999988079071,3.0,3.0,0.25,0.699999988079071,0.25,0.699999988079071,0.25,7.0,0.0,0.0,0.0,0.25,0.25,0.0,0.0,0.0,0.0,0.0,0.0,0.0,0.0,0.0,0.0,0.0,0.0,0.0,0.0,0.0,0.0,0.0,0.0,0.0,0.0,0.0,0.0,0.0,0.0,0.0,0.0,28.0,28.0,28.0,0.0,0.0,0.0,0.0,0.0,1.0,0.0,1.0,0.0,0.0,0.0,0.32,61.80789996869862,0.6920000305399299,0.000600004568696022,49.06889994163066,34.58059998229146,4.0,7.091699982993305,3.917900030501187,1.0017999447882175,0.000300002284348011
1,9,9,-5.330656308221009,0,0,3.0,3.0,0.654697597026825,0.6053178310394287,0.7335671782493591,1.0,0.731730580329895,0.8167223334312439,1.0,1.0,1.0,1.0,1.0,1.0,0.6053178310394287,0.6053178310394287,0.731730580329895,1.0,1.0,1.0,0.3703552484512329,-0.7055740356445312,0.7968674302101135,-0.885434627532959,0.025497544556856155,0.16734907031059265,0.4545454680919647,-0.017266733571887016,0.00944750290364027,-0.9999553561210632,0.0,0.0,0.0,0.0,0.0,0.0,95.63482666015625,15.132946014404297,15.132946014404297,18.293264389038086,25.0,25.0,0.0,1.0,0.6053178405761719,0.6053178405761719,1.0,0.0,0.0,1.0,0.0,-0.45822955295443535,0.17609123309724414,-2.9612674117833375,-2.0872505765804803,0.0,-0.0,-0.0017417949836124672,-1.3619978928745457e-05,0.0,0.15,-0.0,0.0,0.0,-0.0,0.0,0.0,0.0,0.0,0.35,0.0,0.0,0.0,0.0,0.0,0.0,0.0,0.0,0.25,-0.0,0.042938232421875,0.0,0.04177044704556465,-0.0,0.01073455810546875,0.01073455810546875,-0.05,0.03273258917033672,0.021821726113557816,-3.0,0.0,-0.004296339986366885,-0.0,-0.0,0.30545454025268554,0.3818181753158569,-0.3181818127632141,0.0,-0.2892561934211037,-0.25937985506924716,0.0,0.0,-1.9034090909090908,0.02784664805978537,-0.0,-0.0,-0.0,0.0,0.0,0.0,0.0,0.0,0.0,0.0,0.021821726113557816,2.0049586603045464,32.4,0.7326086850269979,0.0,0.25,0.699999988079071,3.0,3.0,0.25,0.699999988079071,0.25,0.699999988079071,0.25,8.0,0.0,0.0,0.0,0.25,0.25,0.0,0.0,0.0,0.0,0.0,0.0,0.0,0.0,0.0,0.0,0.0,0.0,0.0,0.0,0.0,0.0,0.0,0.0,0.0,0.0,0.0,0.0,0.0,0.0,0.0,0.0,28.0,28.0,28.0,0.0,0.0,0.0,0.0,0.0,1.0,0.0,1.0,0.0,0.0,0.0,0.36,27.406400069594383,0.7149999728426337,0.000500003807246685,17.083700047805905,12.717099976725876,4.0,5.322800017893314,3.46989999525249,0.786100048571825,0.000500003807246685
1,10,10,-5.4506099436913775,0,0,3.0,2.0,0.654697597026825,0.6053178310394287,0.7335671782493591,1.0,0.731730580329895,0.8167223334312439,1.0,1.0,1.0,1.0,1.0,1.0,0.6053178310394287,0.6053178310394287,0.731730580329895,1.0,1.0,1.0,0.3705351650714874,-0.7055805921554565,0.7969568967819214,-0.8853434920310974,0.028642266988754272,0.1910855770111084,0.4545454680919647,-0.017266733571887016,0.011066914536058903,-0.9999387860298157,0.0,0.0,0.0,0.0,0.0,0.0,95.64700317382812,15.092500686645508,15.092500686645508,18.30403709411621,25.0,25.0,0.0,1.0,0.6037000274658203,0.6037000274658203,1.0,0.0,0.0,1.0,0.0,-0.45465486496686935,0.17460495387419994,-2.9864645336195825,-2.1840954989791252,0.0,-0.0,-0.0017361547021781131,-1.3619978928745457e-05,-0.0035154342651367177,0.15,-0.0,0.0,0.0,-0.0,0.0,0.0,0.0,0.0,0.35,0.0,0.0,0.0,0.0,0.0,0.0,0.0,0.0,0.25,-0.0,0.0487060546875,0.0,0.045345135033130646,-0.0,0.012176513671875,0.012176513671875,-0.05,0.035535466857254505,0.02369031123816967,-3.0,0.0,-0.004608539406582713,-0.0,-0.0055861083716154105,0.15272727012634277,0.19090908765792844,-0.15909090638160706,0.0,-0.14462809671055185,-0.25790911587801846,0.0,0.0,-1.9034090909090908,0.029870162820443514,-0.052499999105930326,-0.0,-0.0,0.0,0.0,0.0,0.0,0.0,0.0,0.0,0.02369031123816967,2.150651723071933,23.26086922832157,0.4206521686004555,0.0,0.25,0.3499999940395355,3.0,2.0,0.25,0.3499999940395355,0.25,0.3499999940395355,0.25,9.0,0.0,0.0,0.0,0.25,0.25,0.0,0.0,0.0,0.0,0.0,0.0,0.0,0.0,0.0,0.0,0.0,0.0,0.0,0.0,0.0,0.0,0.0,0.0,0.0,0.0,0.0,0.0,0.0,0.0,0.0,0.0,28.0,28.0,28.0,0.0,0.0,0.0,0.0,0.0,1.0,0.0,1.0,0.0,0.0,0.0,0.4,51.40679993201047,0.7181999972090125,0.000700005330145359,44.983600033447146,34.66680005658418,4.0,3.083999967202544,1.8681000219658017,0.7117999484762549,0.000300002284348011
1,11,11,-5.369051511850062,0,0,3.0,3.0,0.6521649360656738,0.6037000417709351,0.7329742908477783,1.0,0.7321614623069763,0.8183442950248718,1.0,1.0,1.0,1.0,1.0,1.0,0.6037000417709351,0.6037000417709351,0.7321614623069763,1.0,1.0,1.0,0.37073177099227905,-0.7055919766426086,0.7970583438873291,-0.8852450251579285,0.03072359599173069,0.1264696717262268,0.4545454680919647,-0.022215504199266434,0.012907984666526318,-0.999916672706604,0.0,0.0,0.0,0.0,0.0,0.0,95.66056823730469,15.04793643951416,15.04793643951416,18.316761016845703,25.0,25.0,0.0,1.0,0.6019174575805664,0.6019174575805664,1.0,0.0,0.0,1.0,0.0,-0.4460151419043541,0.17870741929299047,-2.955159175284207,-2.146584613954491,0.0,-0.0,-0.0017295188549848438,-1.3619978928745457e-05,-0.0031901359558105455,0.15,-0.0,0.0,0.0,-0.0,0.0,0.0,0.0,0.0,0.35,0.0,0.0,0.0,0.0,0.0,0.0,0.0,0.0,0.25,-0.0,0.05426025390625,0.00390625,0.050078608095645905,-0.0,0.0135650634765625,0.0135650634765625,-0.05,0.03884082566946745,0.025893883779644966,-3.0,0.0,-0.005190278515618827,-0.0,-0.012582493371197156,0.30545454025268554,0.3818181753158569,-0.3181818127632141,0.0,-0.2892561934211037,-0.2562885978005149,0.0,0.0,-1.8998579545454546,0.033640694082714626,-0.052499999105930326,-0.0,-0.0,0.0,0.0,0.0,0.0,0.0,0.0,0.0,0.025893883779644966,2.4221299739554527,32.4,0.7326086850269979,0.0,0.25,0.699999988079071,3.0,3.0,0.25,0.699999988079071,0.25,0.699999988079071,0.25,10.0,0.0,0.0,0.0,0.25,0.25,0.0,0.0,0.0,0.0,0.0,0.0,0.0,0.0,0.0,0.0,0.0,0.0,0.0,0.0,0.0,0.0,0.0,0.0,0.0,0.0,0.0,0.0,0.0,0.0,0.0,0.0,28.0,28.0,28.0,0.0,0.0,0.0,0.0,0.0,1.0,0.0,1.0,0.0,0.0,0.0,0.44,42.76169999502599,0.5605999613180757,0.000600004568696022,33.949899952858686,19.07849998679012,4.0,4.333399934694171,3.175700083374977,0.7004999788478017,0.000400003045797348
1,12,12,-5.297419065576788,0,0,3.0,4.0,0.6492927670478821,0.6019174456596375,0.7324790954589844,1.0,0.7326704263687134,1.0,1.0,1.0,1.0,1.0,1.0,1.0,0.6019174456596375,0.6019174456596375,0.7326704263687134,1.0,1.0,1.0,0.3709479868412018,-0.7056060433387756,0.797171413898468,-0.885137140750885,0.034601856023073196,0.235658198595047,0.4545454680919647,-0.026682060211896896,0.014932708814740181,-0.9998884797096252,0.0,0.0,0.0,0.0,0.0,0.0,95.67559814453125,15.04793643951416,15.04793643951416,18.316761016845703,25.0,25.0,0.0,1.0,0.6019174575805664,0.6019174575805664,1.0,0.0,0.0,1.0,0.0,-0.443356029689312,0.18701024732458255,-2.9262550624832513,-2.1148182207288073,0.0,-0.0,-0.0017295188549848438,-1.3619978928745457e-05,0.0,0.15,-0.0,0.0,0.0,-0.0,0.0,0.0,0.0,0.0,0.35,0.0,0.0,0.0,0.0,0.0,0.0,0.0,0.0,0.25,-0.0,0.06011962890625,0.0,0.05664397031068802,-0.0,0.0150299072265625,0.0150299072265625,-0.05,0.043744937516748905,0.029163291677832603,-3.0,0.0,-0.0059790938644536905,-0.0,-0.021742159507104335,0.43636363636363634,0.5454545454545454,-0.45454545454545453,0.0,-0.4132231404958677,-0.2562885978005149,0.0,0.0,-1.8998579545454546,0.03875338615849614,-0.04500000178813934,-0.0,-0.0,0.0,0.0,0.0,0.0,0.0,0.0,0.0,0.029163291677832603,2.7902438034117223,32.4,1.0,0.0,0.25,1.0,3.0,4.0,0.25,1.0,0.25,1.0,0.25,11.0,0.0,0.0,0.0,0.25,0.25,0.0,0.0,0.0,0.0,0.0,0.0,0.0,0.0,0.0,0.0,0.0,0.0,0.0,0.0,0.0,0.0,0.0,0.0,0.0,0.0,0.0,0.0,0.0,0.0,0.0,0.0,28.0,28.0,28.0,0.0,0.0,0.0,0.0,0.0,1.0,0.0,1.0,0.0,0.0,0.0,0.48,20.027199992910028,0.6273000035434961,0.000900006853044033,12.461200007237494,6.748799933120608,4.0,4.075300064869225,2.2249999456107616,0.6075999699532986,0.000700005330145359
1,13,13,-5.373912781887289,0,0,3.0,3.0,0.6492927670478821,0.6019174456596375,0.7324790954589844,1.0,0.7326704263687134,1.0,1.0,1.0,1.0,1.0,1.0,1.0,0.6019174456596375,0.6019174456596375,0.7326704263687134,1.0,1.0,1.0,0.3711923360824585,-0.7056190371513367,0.7972966432571411,-0.8850144147872925,0.03986062481999397,0.3195432424545288,0.4545454680919647,-0.026682060211896896,0.01726888120174408,-0.999850869178772,0.0,0.0,0.0,0.0,0.0,0.0,95.69165802001953,14.998764038085938,14.998764038085938,18.332664489746094,25.0,25.0,0.0,1.0,0.5999505615234375,0.5999505615234375,1.0,0.0,0.0,1.0,0.0,-0.44883180409669876,0.18883230539981433,-2.9457439147680997,-2.168169368422305,0.0,-0.0,-0.0017212642672104052,-1.3619978928745457e-05,-0.002028942108154295,0.15,-0.0,0.0,0.0,-0.0,0.0,0.0,0.0,0.0,0.35,0.0,0.0,0.0,0.0,0.0,0.0,0.0,0.0,0.25,-0.0,0.064239501953125,-0.01123046875,0.06239866465330124,-0.0,0.01605987548828125,0.01605987548828125,-0.05,0.04825608618557453,0.032170724123716354,-3.0,0.0,-0.006571974613490914,-0.0,-0.031864119338137764,0.30545454025268554,0.3818181753158569,-0.3181818127632141,0.0,-0.2892561934211037,-0.25450051047585226,0.0,0.0,-1.910067471590909,0.04259613175410778,-0.04500000178813934,-0.0,-0.0,0.0,0.0,0.0,0.0,0.0,0.0,0.0,0.032170724123716354,3.06692148629576,32.4,0.7326086850269979,0.0,0.25,0.699999988079071,3.0,3.0,0.25,0.699999988079071,0.25,0.699999988079071,0.25,12.0,0.0,0.0,0.0,0.25,0.25,0.0,0.0,0.0,0.0,0.0,0.0,0.0,0.0,0.0,0.0,0.0,0.0,0.0,0.0,0.0,0.0,0.0,0.0,0.0,0.0,0.0,0.0,0.0,0.0,0.0,0.0,28.0,28.0,28.0,0.0,0.0,0.0,0.0,0.0,1.0,0.0,1.0,0.0,0.0,0.0,0.52,63.901000074110925,0.5127000622451305,0.000600004568696022,46.336299972608685,21.04919997509569,4.0,14.381399960257113,1.9256999948993325,0.697100069373846,0.000400003045797348
1,14,14,-5.314668450434931,0,0,3.0,3.0,0.6459792256355286,0.5999505519866943,0.7322025895118713,1.0,0.7333065867424011,1.0,1.0,1.0,1.0,1.0,1.0,1.0,0.5999505519866943,0.5999505519866943,0.7333065867424011,1.0,1.0,1.0,0.3714618384838104,-0.7056284546852112,0.7974304556846619,-0.8848776817321777,0.04381316527724266,0.24017159640789032,0.4545454680919647,-0.03382372111082077,0.0199399683624506,-0.9998011589050293,0.0,0.0,0.0,0.0,0.0,0.0,95.7085952758789,14.998764038085938,14.998764038085938,18.332664489746094,25.0,25.0,0.0,1.0,0.5999505615234375,0.5999505615234375,1.0,0.0,0.0,1.0,0.0,-0.43222353607416153,0.194474899596648,-2.9418478832393884,-2.1350719307180297,0.0,-0.0,-0.0017212642672104052,-1.3619978928745457e-05,0.0,0.15,-0.0,0.0,0.0,-0.0,0.0,0.0,0.0,0.0,0.35,0.0,0.0,0.0,0.0,0.0,0.0,0.0,0.0,0.25,-0.0,0.0677490234375,0.0,0.06777646392583847,-0.0,0.016937255859375,0.016937255859375,-0.05,0.05215211771428585,0.03476807847619057,-3.0,0.0,-0.007129509507172874,-0.0,-0.04320914852832045,0.30545454025268554,0.3818181753158569,-0.3181818127632141,0.0,-0.2892561934211037,-0.25450051047585226,0.0,0.0,-1.910067471590909,0.04620978384278715,-0.0,-0.0,-0.0,0.0,0.0,0.0,0.0,0.0,0.0,0.0,0.03476807847619057,3.3271044366806746,32.4,0.7326086850269979,0.0,0.25,0.699999988079071,3.0,3.0,0.25,0.699999988079071,0.25,0.699999988079071,0.25,13.0,0.0,0.0,0.0,0.25,0.25,0.0,0.0,0.0,0.0,0.0,0.0,0.0,0.0,0.0,0.0,0.0,0.0,0.0,0.0,0.0,0.0,0.0,0.0,0.0,0.0,0.0,0.0,0.0,0.0,0.0,0.0,28.0,28.0,28.0,0.0,0.0,0.0,0.0,0.0,1.0,0.0,1.0,0.0,0.0,0.0,0.56,23.470600019209087,0.6137000164017081,0.000600004568696022,16.616699984297156,11.063399957492948,4.0,2.8319000266492367,2.6820999337360263,0.7019999902695417,0.000400003045797348
1,15,15,-3.9098854111172017,0,0,2.0,2.0,0.6459792256355286,0.5999505519866943,0.7322025895118713,1.0,0.7333065867424011,1.0,1.0,1.0,1.0,1.0,1.0,1.0,0.5999505519866943,0.5999505519866943,0.7333065867424011,1.0,1.0,1.0,0.37175247073173523,-0.7056348919868469,0.79757159948349,-0.8847291469573975,0.04753006249666214,0.22585324943065643,0.4545454680919647,-0.03382372111082077,0.022844335064291954,-0.9997390508651733,0.0,0.0,0.0,0.0,0.0,0.0,95.7259750366211,14.941458702087402,14.941458702087402,18.350738525390625,25.0,25.0,0.0,1.0,0.597658348083496,0.597658348083496,1.0,0.0,0.0,1.0,0.0,-0.43342700600624084,0.19386074919035232,-2.9668866234272717,-0.7034325308740416,0.0,-0.0,-0.0017119360354978582,-1.3619978928745457e-05,-0.0027323722839355472,0.15,-0.0,0.0,0.0,-0.0,0.0,0.0,0.0,0.0,0.35,0.0,0.0,0.0,0.0,0.0,0.0,0.0,0.0,0.25,-0.0,0.06951904296875,-0.00439453125,0.07096752524375916,-0.0,0.0173797607421875,0.0173797607421875,-0.05,0.055113377049565315,0.03674225136637688,-3.0,0.0,-0.003876538468237434,-0.0,-0.028193007041726798,0.2138181781768799,0.26727272272109986,-0.08272727131843567,0.0,-0.03910743735053322,-0.13125667363947088,0.1514499967616384,0.0,-0.9953124999999999,0.04831867748871446,-0.05550000071525574,-0.0,-0.0,0.0,0.0,0.0,0.0,0.0,0.0,0.0,0.03674225136637688,3.478944779187441,23.26086922832157,0.4206521686004555,0.0,0.0,0.3499999940395355,2.0,2.0,0.0,0.3499999940395355,0.12999999523162842,0.3499999940395355,0.13,14.0,0.0,0.0,0.0,0.0,0.0,1.0,0.13,0.0,0.0,0.0,0.0,0.0,0.0,0.0,0.0,0.0,0.0,0.0,0.0,0.0,0.0,0.0,0.0,0.0,0.0,0.0,0.0,0.0,0.0,0.0,0.0,28.0,28.0,28.0,0.0,0.0,0.0,0.0,0.0,1.0,0.0,1.0,0.0,0.0,0.0,0.6,56.84660002589226,0.5508000031113625,0.000700005330145359,49.172400031238794,30.2025000564754,4.0,3.919999930076301,2.5399000151082873,0.6293000187724829,0.000400003045797348
1,16,16,-5.375425525651927,0,0,3.0,3.0,0.6422206163406372,0.5976583361625671,0.7321233153343201,1.0,0.7340295314788818,1.0,1.0,1.0,1.0,1.0,1.0,1.0,0.5976583361625671,0.5976583361625671,0.7340295314788818,1.0,1.0,1.0,0.3720588982105255,-0.7056370973587036,0.7977164387702942,-0.8845713138580322,0.04969920963048935,0.13180585205554962,0.23636363446712494,-0.04022959619760513,0.026038888841867447,-0.9996609091758728,0.0,0.0,0.0,0.0,0.0,0.0,95.74481201171875,14.941458702087402,14.941458702087402,18.350738525390625,25.0,25.0,0.0,1.0,0.597658348083496,0.597658348083496,1.0,0.0,0.0,1.0,0.0,-0.42247675359249115,0.19968645069995467,-2.9352556225657462,-2.2173796001936443,0.0,-0.0,-0.0017119360354978582,-1.3619978928745457e-05,0.0,0.15,-0.0,0.0,0.0,-0.0,0.0,0.0,0.0,0.0,0.35,0.0,0.0,0.0,0.0,0.0,0.0,0.0,0.0,0.25,-0.0,0.075347900390625,0.0,0.07752324640750885,-0.0,0.01883697509765625,0.01883697509765625,-0.05,0.05874437838792801,0.03916291892528534,-3.0,0.0,-0.007932138178790253,-0.0,-0.0673029906079173,0.30545454025268554,0.3818181753158569,-0.3181818127632141,0.0,-0.2892561934211037,-0.2524166800759055,0.0,0.0,-1.9140625,0.05141200671438128,-0.05550000071525574,-0.0,-0.0,0.0,0.0,0.0,0.0,0.0,0.0,0.0,0.03916291892528534,3.7016644834354517,32.4,0.7326086850269979,0.0,0.25,0.699999988079071,3.0,3.0,0.25,0.699999988079071,0.25,0.699999988079071,0.25,15.0,0.0,0.0,0.0,0.25,0.25,0.0,0.0,0.0,0.0,0.0,0.0,0.0,0.0,0.0,0.0,0.0,0.0,0.0,0.0,0.0,0.0,0.0,0.0,0.0,0.0,0.0,0.0,0.0,0.0,0.0,0.0,28.0,28.0,28.0,0.0,0.0,0.0,0.0,0.0,1.0,0.0,1.0,0.0,0.0,0.0,0.64,23.47599994391203,0.6864999886602163,0.000600004568696022,14.914799947291613,11.231499956920743,4.0,3.9914000080898404,3.162599983625114,0.6895000115036964,0.000900006853044033
1,17,17,-2.358825312420172,0,0,2.0,2.0,0.6422206163406372,0.5976583361625671,0.7321233153343201,1.0,0.7340295314788818,1.0,1.0,1.0,1.0,1.0,1.0,1.0,0.5976583361625671,0.5976583361625671,0.7340295314788818,1.0,1.0,1.0,0.3723847270011902,-0.7056427001953125,0.7978734374046326,-0.8844043016433716,0.052880920469760895,0.19333307445049286,0.4545454680919647,-0.04022959619760513,0.02879534848034382,-0.9995853304862976,0.0,0.0,0.0,0.0,0.0,0.0,95.76441192626953,14.876826286315918,14.876826286315918,18.371057510375977,25.0,25.0,0.0,1.0,0.5950730514526367,0.5950730514526367,1.0,0.0,0.0,1.0,0.0,-0.42623792588710785,0.19828122491398242,-1.4104889961332083,-0.7203796153138383,0.0,-0.0,-0.0017015160432909372,-1.3619978928745457e-05,-0.003134536743164062,0.15,-0.0,0.0,0.0,-0.0,0.0,0.0,0.0,0.0,0.35,0.0,0.0,0.0,0.0,0.0,0.0,0.0,0.0,0.25,-0.0,0.078399658203125,-0.0068359375,0.08059801161289215,-0.0,0.01959991455078125,0.01959991455078125,1.5,0.06151100434362888,0.04100733622908592,-3.0,0.0,-0.004262616019533149,-0.0,-0.04133445837123053,0.2138181781768799,0.26727272272109986,-0.08272727131843567,0.0,-0.03910743735053322,-0.13003453341397372,0.15003983506805307,0.0,-0.9985440340909091,0.05313089767936618,-0.05550000071525574,-0.0,-0.0,0.0,0.0,0.0,0.0,0.0,0.0,0.0,0.04100733622908592,3.8254246329143644,23.26086922832157,0.4206521686004555,0.0,0.0,0.3499999940395355,2.0,2.0,0.0,0.3499999940395355,0.12999999523162842,0.3499999940395355,0.13,16.0,0.0,0.0,0.0,0.0,0.0,1.0,0.13,0.0,0.0,0.0,0.0,0.0,0.0,0.0,0.0,0.0,0.0,0.0,0.0,0.0,0.0,0.0,0.0,0.0,0.0,0.0,0.0,0.0,0.0,0.0,0.0,28.0,28.0,28.0,0.0,0.0,0.0,0.0,0.0,1.0,0.0,1.0,0.0,0.0,0.0,0.68,36.64760000538081,0.47200010158121586,0.000500003807246685,26.904100086539984,18.135299906134605,4.0,5.257399985566735,3.275000024586916,0.7078999187797308,0.000500003807246685
1,18,18,-5.411042820679164,0,0,3.0,3.0,0.6382509469985962,0.5950730443000793,0.731678307056427,1.0,0.7348423004150391,1.0,1.0,1.0,1.0,1.0,1.0,1.0,0.5950730443000793,0.5950730443000793,0.7348423004150391,1.0,1.0,1.0,0.37272560596466064,-0.7056474089622498,0.7980367541313171,-0.8842292428016663,0.05464892461895943,0.10743068903684616,0.23636363446712494,-0.03556947037577629,0.03184530884027481,-0.9994928240776062,0.0,0.0,0.0,0.0,0.0,0.0,95.78562927246094,14.804900169372559,14.804900169372559,18.391664505004883,25.0,25.0,0.0,1.0,0.5921960067749024,0.5921960067749024,1.0,0.0,0.0,1.0,0.0,-0.424580842256546,0.19930337520836303,-2.9290838875621557,-2.2566814660688257,0.0,-0.0,-0.0016910201901552343,-1.3619978928745457e-05,-0.005092239379882811,0.15,-0.0,0.0,0.0,-0.0,0.0,0.0,0.0,0.0,0.35,0.0,0.0,0.0,0.0,0.0,0.0,0.0,0.0,0.25,-0.0,0.084869384765625,-0.01123046875,0.08664962649345398,-0.0,0.02121734619140625,0.02121734619140625,-0.05,0.06491611339151859,0.04327740892767906,-3.0,0.0,-0.008655467876845173,-0.0,-0.09442328592922007,0.30545454025268554,0.3818181753158569,-0.3181818127632141,0.0,-0.2892561934211037,-0.24745091524991122,0.0,0.0,-1.9304865056818181,0.056100254757329826,-0.05550000071525574,-0.0,-0.0,0.0,0.0,0.0,0.0,0.0,0.0,0.0,0.04327740892767906,4.0392183425277475,32.4,0.7326086850269979,0.0,0.25,0.699999988079071,3.0,3.0,0.25,0.699999988079071,0.25,0.699999988079071,0.25,17.0,0.0,0.0,0.0,0.25,0.25,0.0,0.0,0.0,0.0,0.0,0.0,0.0,0.0,0.0,0.0,0.0,0.0,0.0,0.0,0.0,0.0,0.0,0.0,0.0,0.0,0.0,0.0,0.0,0.0,0.0,0.0,28.0,28.0,28.0,0.0,0.0,0.0,0.0,0.0,1.0,0.0,1.0,0.0,0.0,0.0,0.72,40.53270001895726,0.5187999922782183,0.000400003045797348,33.01150002516806,18.62520002759993,4.0,4.410899942740798,1.8912000814452767,0.6569999968633056,0.000400003045797348
1,19,19,-5.465568689793668,0,0,3.0,2.0,0.6339747905731201,0.592195987701416,0.7308896780014038,1.0,0.7356665730476379,1.0,1.0,1.0,1.0,1.0,1.0,1.0,0.592195987701416,0.592195987701416,0.7356665730476379,1.0,1.0,1.0,0.37308523058891296,-0.7056573629379272,0.7982136011123657,-0.8840458393096924,0.05770311877131462,0.18558481335639954,0.4545454680919647,-0.033455442637205124,0.03461327776312828,-0.999400794506073,0.0,0.0,0.0,0.0,0.0,0.0,95.80794525146484,14.804900169372559,14.804900169372559,18.391664505004883,25.0,25.0,0.0,1.0,0.5921960067749024,0.5921960067749024,1.0,0.0,0.0,1.0,0.0,-0.40970412641763687,0.2059466823335589,-2.9545809446275233,-2.3072303010820665,0.0,-0.0,-0.0016910201901552343,-1.3619978928745457e-05,0.0,0.15,-0.0,0.0,0.0,-0.0,0.0,0.0,0.0,0.0,0.35,0.0,0.0,0.0,0.0,0.0,0.0,0.0,0.0,0.25,-0.0,0.089263916015625,0.0,0.09029587358236313,-0.0,0.02231597900390625,0.02231597900390625,-0.05,0.06741905584931374,0.044946037232875824,-3.0,0.0,-0.00889477547183633,-0.0,-0.10781546026468278,0.15272727012634277,0.19090908765792844,-0.15909090638160706,0.0,-0.14462809671055185,-0.24745091524991122,0.0,0.0,-1.9304865056818181,0.05765132250264287,-0.052499999105930326,-0.0,-0.0,0.0,0.0,0.0,0.0,0.0,0.0,0.0,0.044946037232875824,4.150895220190287,23.26086922832157,0.4206521686004555,0.0,0.25,0.3499999940395355,3.0,2.0,0.25,0.3499999940395355,0.25,0.3499999940395355,0.25,18.0,0.0,0.0,0.0,0.25,0.25,0.0,0.0,0.0,0.0,0.0,0.0,0.0,0.0,0.0,0.0,0.0,0.0,0.0,0.0,0.0,0.0,0.0,0.0,0.0,0.0,0.0,0.0,0.0,0.0,0.0,0.0,28.0,28.0,28.0,0.0,0.0,0.0,0.0,0.0,1.0,0.0,1.0,0.0,0.0,0.0,0.76,22.99880003556609,0.4971000598743558,0.000600004568696022,13.892699964344501,7.116299937479198,4.0,4.819400026462972,3.105600015260279,0.6495000561699271,0.000400003045797348
1,20,20,-5.397254912523996,0,0,3.0,3.0,0.6339747905731201,0.592195987701416,0.7308896780014038,1.0,0.7356665730476379,1.0,1.0,1.0,1.0,1.0,1.0,1.0,0.592195987701416,0.592195987701416,0.7356665730476379,1.0,1.0,1.0,0.3734588921070099,-0.7056701183319092,0.7983995676040649,-0.8838558197021484,0.05929850414395332,0.09694173187017441,0.4545454680919647,-0.033455442637205124,0.03767893463373184,-0.999289870262146,0.0,0.0,0.0,0.0,0.0,0.0,95.83158111572266,14.726484298706055,14.726484298706055,18.41425323486328,25.0,25.0,0.0,1.0,0.5890593719482422,0.5890593719482422,1.0,0.0,0.0,1.0,0.0,-0.39992476254701614,0.20363170904810085,-2.9236856848746537,-2.2772761741504266,0.0,-0.0,-0.0016795974983247984,-1.3619978928745457e-05,-0.005453777313232423,0.15,-0.0,0.0,0.0,-0.0,0.0,0.0,0.0,0.0,0.35,0.0,0.0,0.0,0.0,0.0,0.0,0.0,0.0,0.25,-0.0,0.09454345703125,0.00537109375,0.09470414370298386,-0.0,0.0236358642578125,0.0236358642578125,-0.05,0.0703143160790205,0.046876210719347,-3.0,0.0,-0.009377285735096252,-0.0,-0.12503047646795004,0.30545454025268554,0.3818181753158569,-0.3181818127632141,0.0,-0.2892561934211037,-0.24459942904385654,0.0,0.0,-1.9256036931818181,0.06077870383858683,-0.052499999105930326,-0.0,-0.0,0.0,0.0,0.0,0.0,0.0,0.0,0.0,0.046876210719347,4.376066676378251,32.4,0.7326086850269979,0.0,0.25,0.699999988079071,3.0,3.0,0.25,0.699999988079071,0.25,0.699999988079071,0.25,19.0,0.0,0.0,0.0,0.25,0.25,0.0,0.0,0.0,0.0,0.0,0.0,0.0,0.0,0.0,0.0,0.0,0.0,0.0,0.0,0.0,0.0,0.0,0.0,0.0,0.0,0.0,0.0,0.0,0.0,0.0,0.0,28.0,28.0,28.0,0.0,0.0,0.0,0.0,0.0,1.0,0.0,1.0,0.0,0.0,0.0,0.8,54.05490007251501,0.6571999983862042,0.000600004568696022,44.44710002280772,23.147799889557064,4.0,4.934899974614382,3.179799998179078,0.786700053140521,0.000600004568696022
1,21,21,-5.351326728516142,0,0,3.0,3.0,0.6293234825134277,0.5890593528747559,0.7300458550453186,0.7385987639427185,0.7365701198577881,1.0,1.0,1.0,1.0,1.0,1.0,1.0,0.5890593528747559,0.5890593528747559,0.7365701198577881,1.0,1.0,1.0,0.37384888529777527,-0.7056864500045776,0.7985965013504028,-0.8836583495140076,0.06251523643732071,0.19546133279800415,0.4545454680919647,-0.04382338747382164,0.041136484593153,-0.9991535544395447,0.0,0.0,0.0,0.0,0.0,0.0,95.85675811767578,14.726484298706055,14.726484298706055,18.41425323486328,25.0,25.0,0.0,1.0,0.5890593719482422,0.5890593719482422,1.0,0.0,0.0,1.0,0.0,-0.39975792169570923,0.21229101818291946,-2.9200289622694253,-2.2438308627339274,0.0,-0.0,-0.0016795974983247984,-1.3619978928745457e-05,0.0,0.15,-0.0,0.0,0.0,-0.0,0.0,0.0,0.0,0.0,0.35,0.0,0.0,0.0,0.0,0.0,0.0,0.0,0.0,0.25,-0.0,0.1007080078125,0.0,0.10024207830429077,-0.0,0.025177001953125,0.025177001953125,-0.05,0.07397103868424892,0.04931402578949928,-3.0,0.0,-0.009871853501855262,-0.0,-0.14359059639062202,0.30545454025268554,0.3818181753158569,-0.3181818127632141,0.0,-0.2892561934211037,-0.24459942904385654,0.0,0.0,-1.9256036931818181,0.063984235660173,-0.0,-0.0,-0.0,0.0,0.0,0.0,0.0,0.0,0.0,0.0,0.04931402578949928,4.606864967532456,32.4,0.7326086850269979,0.0,0.25,0.699999988079071,3.0,3.0,0.25,0.699999988079071,0.25,0.699999988079071,0.25,20.0,0.0,0.0,0.0,0.25,0.25,0.0,0.0,0.0,0.0,0.0,0.0,0.0,0.0,0.0,0.0,0.0,0.0,0.0,0.0,0.0,0.0,0.0,0.0,0.0,0.0,0.0,0.0,0.0,0.0,0.0,0.0,28.0,28.0,28.0,0.0,0.0,0.0,0.0,0.0,1.0,0.0,1.0,0.0,0.0,0.0,0.84,46.03189998306334,0.6660999497398734,0.000600004568696022,37.04650001600385,15.98349993582815,4.0,5.423299968242645,2.118999953381717,0.7398000452667475,0.000300002284348011
1,22,22,-5.366822051071363,0,0,3.0,4.0,0.6293234825134277,0.5890593528747559,0.7300458550453186,0.7385987639427185,0.7365701198577881,1.0,1.0,1.0,1.0,1.0,1.0,1.0,0.5890593528747559,0.5890593528747559,0.7365701198577881,1.0,1.0,1.0,0.37425941228866577,-0.7057063579559326,0.7988063097000122,-0.8834511041641235,0.0658123567700386,0.2003457397222519,0.4545454680919647,-0.04382338747382164,0.04493752866983414,-0.9989898204803467,0.0,0.0,0.0,0.0,0.0,0.0,95.88384246826172,14.642559051513672,14.642559051513672,18.440832138061523,25.0,25.0,0.0,1.0,0.5857023620605468,0.5857023620605468,1.0,0.0,0.0,1.0,0.0,-0.40329602360725403,0.21293350512864562,-2.891416573226452,-2.285042959366303,0.0,-0.0,-0.00166626672859948,-1.3619978928745457e-05,-0.003914451599121092,0.15,-0.0,0.0,0.0,-0.0,0.0,0.0,0.0,0.0,0.35,0.0,0.0,0.0,0.0,0.0,0.0,0.0,0.0,0.25,-0.0,0.10833740234375,-0.0107421875,0.10744616389274597,-0.0,0.0270843505859375,0.0270843505859375,-0.05,0.07858342677354813,0.05238895118236542,-3.0,0.0,-0.010572867272874072,-0.0,-0.1666027570271066,0.43636363636363634,0.5454545454545454,-0.45454545454545453,0.0,-0.4132231404958677,-0.24154760187322447,0.0,0.0,-1.9353693181818181,0.06852784343529493,-0.04500000178813934,-0.0,-0.0,0.0,0.0,0.0,0.0,0.0,0.0,0.0,0.05238895118236542,4.934004727341234,32.4,1.0,0.0,0.25,1.0,3.0,4.0,0.25,1.0,0.25,1.0,0.25,21.0,0.0,0.0,0.0,0.25,0.25,0.0,0.0,0.0,0.0,0.0,0.0,0.0,0.0,0.0,0.0,0.0,0.0,0.0,0.0,0.0,0.0,0.0,0.0,0.0,0.0,0.0,0.0,0.0,0.0,0.0,0.0,28.0,28.0,28.0,0.0,0.0,0.0,0.0,0.0,1.0,0.0,1.0,0.0,0.0,0.0,0.88,53.11849992722273,0.7766999769955873,0.000500003807246685,43.17249997984618,22.983200033195317,4.0,4.8964000307023525,3.4983999794349074,0.7336999988183379,0.000400003045797348
1,23,23,-5.315003138420613,0,0,3.0,4.0,0.6241991519927979,0.5857023596763611,0.7295271158218384,0.7393320202827454,0.7376332879066467,1.0,1.0,1.0,1.0,1.0,1.0,1.0,0.5857023596763611,0.5857023596763611,0.7376332879066467,1.0,1.0,1.0,0.37469568848609924,-0.7057303786277771,0.7990320324897766,-0.8832316398620605,0.07048577815294266,0.2839754819869995,0.4545454680919647,-0.050962790846824646,0.049065832048654556,-0.9987955689430237,0.0,0.0,0.0,0.0,0.0,0.0,95.91291809082031,14.642559051513672,14.642559051513672,18.440832138061523,25.0,25.0,0.0,1.0,0.5857023620605468,0.5857023620605468,1.0,0.0,0.0,1.0,0.0,-0.38466306775808334,0.22141686172461628,-2.8862312373518946,-2.265525695035251,0.0,-0.0,-0.00166626672859948,-1.3619978928745457e-05,0.0,0.15,-0.0,0.0,0.0,-0.0,0.0,0.0,0.0,0.0,0.35,0.0,0.0,0.0,0.0,0.0,0.0,0.0,0.0,0.25,-0.0,0.116302490234375,0.0,0.11533693224191666,-0.0,0.02907562255859375,0.02907562255859375,-0.05,0.08376876264810562,0.05584584176540375,-3.0,0.0,-0.011277784043816583,-0.0,-0.1913805777132511,0.43636363636363634,0.5454545454545454,-0.45454545454545453,0.0,-0.4132231404958677,-0.24154760187322447,0.0,0.0,-1.9353693181818181,0.07309674843214452,-0.0,-0.0,-0.0,0.0,0.0,0.0,0.0,0.0,0.0,0.0,0.05584584176540375,5.262965887114405,32.4,1.0,0.0,0.25,1.0,3.0,4.0,0.25,1.0,0.25,1.0,0.25,22.0,0.0,0.0,0.0,0.25,0.25,0.0,0.0,0.0,0.0,0.0,0.0,0.0,0.0,0.0,0.0,0.0,0.0,0.0,0.0,0.0,0.0,0.0,0.0,0.0,0.0,0.0,0.0,0.0,0.0,0.0,0.0,28.0,28.0,28.0,0.0,0.0,0.0,0.0,0.0,1.0,0.0,1.0,0.0,0.0,0.0,0.92,39.672400103881955,0.6935000419616699,0.000600004568696022,25.97239997703582,13.68400000501424,4.0,6.940999999642372,3.9881999837234616,2.03000009059906,0.000600004568696022
1,24,24,-3.1486088651551336,0,0,2.0,4.0,0.6241991519927979,0.5857023596763611,0.7295271158218384,0.7393320202827454,0.7376332879066467,1.0,1.0,1.0,1.0,1.0,1.0,1.0,0.5857023596763611,0.5857023596763611,0.7376332879066467,1.0,1.0,1.0,0.37516075372695923,-0.7057576775550842,0.7992743253707886,-0.882997989654541,0.07518522441387177,0.2855565547943115,0.4545454680919647,-0.050962790846824646,0.05356684327125549,-0.9985642433166504,0.0,0.0,0.0,0.0,0.0,0.0,95.94386291503906,14.550840377807617,14.550840377807617,18.472192764282227,25.0,25.0,0.0,1.0,0.5820336151123047,0.5820336151123047,1.0,0.0,0.0,1.0,0.0,-0.3877592906355858,0.22373659383859243,-2.880847418010235,-0.1037387503479048,0.0,-0.0,-0.0016506888020642115,-1.3619978928745457e-05,-0.0024271011352539062,0.15,-0.0,0.0,0.0,-0.0,0.0,0.0,0.0,0.0,0.35,0.0,0.0,0.0,0.0,0.0,0.0,0.0,0.0,0.25,-0.0,0.123779296875,-0.0107421875,0.12298289686441422,-0.0,0.03094482421875,0.03094482421875,-0.05,0.08915258198976517,0.059435054659843445,-3.0,0.0,-0.0062440295583882505,-0.0,-0.11352781015251365,0.610909090909091,0.7636363636363637,-0.23636363636363636,0.0,-0.11173553719008264,-0.12387043623490768,0.14292741577597037,0.0,-1.0114701704545455,0.0778280037548393,-0.018000000715255735,-0.0,-0.0,0.0,0.0,0.0,0.0,0.0,0.0,0.0,0.059435054659843445,5.60361627034843,32.4,1.0,0.0,0.0,1.0,2.0,4.0,0.0,1.0,0.12999999523162842,1.0,0.13,23.0,0.0,0.0,0.0,0.0,0.0,1.0,0.13,0.0,0.0,0.0,0.0,0.0,0.0,0.0,0.0,0.0,0.0,0.0,0.0,0.0,0.0,0.0,0.0,0.0,0.0,0.0,0.0,0.0,0.0,0.0,0.0,28.0,28.0,28.0,0.0,0.0,0.0,0.0,0.0,1.0,0.0,1.0,0.0,0.0,0.0,0.96,55.831999983638525,0.660400022752583,0.000700005330145359,46.99529998470098,36.149100051261485,4.0,4.7079999931156635,2.523300005123019,0.9151999838650227,0.000400003045797348
1,25,25,-5.484300361227625,0,0,3.0,3.0,0.618523359298706,0.582033634185791,0.7292136549949646,0.7402012348175049,0.7388877272605896,1.0,1.0,1.0,1.0,1.0,1.0,1.0,0.582033634185791,0.582033634185791,0.7388877272605896,1.0,1.0,1.0,0.3756556510925293,-0.7057864665985107,0.7995321750640869,-0.8827493190765381,0.08005166053771973,0.2957034707069397,0.23636363446712494,-0.059910766780376434,0.05844882130622864,-0.9982904195785522,0.0,0.0,0.0,0.0,0.0,0.0,95.97689819335938,14.450737953186035,14.450737953186035,18.508243560791016,25.0,25.0,0.0,1.0,0.5780295181274414,0.5780295181274414,1.0,0.0,0.0,1.0,0.0,-0.3897951990365982,0.228122677632928,-2.9000194539129733,-2.4226083859109817,0.0,-0.0,-0.001632981148211366,-1.3619978928745457e-05,-0.0011900901794433573,0.15,-0.0,0.0,0.0,-0.0,0.0,0.0,0.0,0.0,0.35,0.0,0.0,0.0,0.0,0.0,0.0,0.0,0.0,0.25,-0.0,0.13214111328125,-0.021484375,0.1316891759634018,-0.0,0.0330352783203125,0.0330352783203125,-0.05,0.09398054704070091,0.06265369802713394,-3.0,0.0,-0.0124908740649532,-0.0,-0.24224725459303176,0.30545454025268554,0.3818181753158569,-0.3181818127632141,0.0,-0.2892561934211037,-0.23457228920676493,0.0,0.0,-1.9646661931818181,0.08095936893951149,-0.04846648424863815,-0.0,-0.0,0.0,0.0,0.0,0.0,0.0,0.0,0.0,0.06265369802713394,5.829074563644826,32.4,0.7326086850269979,0.0,0.25,0.699999988079071,3.0,3.0,0.25,0.699999988079071,0.25,0.699999988079071,0.25,24.0,0.0,0.0,0.0,0.25,0.25,0.0,0.0,0.0,0.0,0.0,0.0,0.0,0.0,0.0,0.0,0.0,0.0,0.0,0.0,0.0,0.0,0.0,0.0,0.0,0.0,0.0,0.0,0.0,0.0,0.0,0.0,28.0,28.0,28.0,0.0,0.0,0.0,0.0,0.0,1.0,0.0,1.0,0.0,0.0,0.0,1.0,41.7912999400869,0.8452999172732234,0.000500003807246685,34.565099980682135,19.271000055596232,4.0,3.9198999293148518,1.7923000268638134,0.6252999883145094,0.000500003807246685
1,26,26,-5.665429907271579,0,0,3.0,1.0,0.612464189529419,0.5780295133590698,0.7286233305931091,0.741263210773468,0.7403297424316406,1.0,1.0,1.0,1.0,1.0,1.0,1.0,0.5780295133590698,0.5780295133590698,0.7403297424316406,1.0,1.0,1.0,0.37617698311805725,-0.7058207392692566,0.7998074889183044,-0.8824882507324219,0.08327249437570572,0.19571033120155334,0.4545454680919647,-0.05317632481455803,0.06286104768514633,-0.9980223178863525,0.0,0.0,0.0,0.0,0.0,0.0,96.01038360595703,14.450737953186035,14.450737953186035,18.508243560791016,25.0,25.0,0.0,1.0,0.5780295181274414,0.5780295181274414,1.0,0.0,0.0,1.0,0.0,-0.36612729728221893,0.22911187037578237,-2.9549671106040476,-2.573447369761095,0.0,-0.0,-0.001632981148211366,-1.3619978928745457e-05,0.0,0.15,-0.0,0.0,0.0,-0.0,0.0,0.0,0.0,0.0,0.35,0.0,0.0,0.0,0.0,0.0,0.0,0.0,0.0,0.25,-0.0,0.133941650390625,0.0,0.13387270271778107,-0.0,0.03348541259765625,0.03348541259765625,-0.05,0.09503288939595222,0.06335525959730148,-3.0,0.0,-0.012459878460450897,-0.0,-0.25674901070020034,0.0,0.0,0.0,0.0,0.0,-0.23457228920676493,0.0,0.0,-1.9646661931818181,0.08075847150292248,-0.10499999821186065,-0.0,-0.0,0.0,0.0,0.0,0.0,0.0,0.0,0.0,0.06335525959730148,5.8146099482104185,0.0,0.0,0.0,0.25,0.0,3.0,1.0,0.25,0.0,0.25,0.0,0.25,25.0,0.0,0.0,0.0,0.25,0.25,0.0,0.0,0.0,0.0,0.0,0.0,0.0,0.0,0.0,0.0,0.0,0.0,0.0,0.0,0.0,0.0,0.0,0.0,0.0,0.0,0.0,0.0,0.0,0.0,0.0,0.0,28.0,28.0,28.0,0.0,0.0,0.0,0.0,0.0,1.0,0.0,1.0,0.0,0.0,0.0,1.04,20.53500001784414,0.593600096181035,0.000600004568696022,11.851100018247962,6.926300004124641,4.0,5.433700047433376,1.8693000311031938,0.7542999228462577,0.000800006091594696
1,27,27,-5.550201919435958,0,0,3.0,3.0,0.612464189529419,0.5780295133590698,0.7286233305931091,0.741263210773468,0.7403297424316406,1.0,1.0,1.0,1.0,1.0,1.0,1.0,0.5780295133590698,0.5780295133590698,0.7403297424316406,1.0,1.0,1.0,0.3767038881778717,-0.7058560252189636,0.8000865578651428,-0.8822245597839355,0.08306585997343063,-0.012556090019643307,0.4545454680919647,-0.05317632481455803,0.06747567653656006,-0.9977208971977234,0.0,0.0,0.0,0.0,0.0,0.0,96.04485321044922,14.34722900390625,14.34722900390625,18.54453468322754,25.0,25.0,0.0,1.0,0.57388916015625,0.57388916015625,1.0,0.0,0.0,1.0,0.0,-0.36483684182167053,0.23023221272934158,-2.896989474147558,-2.518607816196071,0.0,-0.0,-0.0016153690818911175,-1.3619978928745457e-05,-0.002019786834716795,0.15,-0.0,0.0,0.0,-0.0,0.0,0.0,0.0,0.0,0.35,0.0,0.0,0.0,0.0,0.0,0.0,0.0,0.0,0.25,-0.0,0.13787841796875,-0.0029296875,0.13809284567832947,-0.0,0.0344696044921875,0.0344696044921875,-0.05,0.0970105268061161,0.06467368453741074,-3.0,0.0,-0.012941638244981212,-0.0,-0.2823630162541355,0.30545454025268554,0.3818181753158569,-0.3181818127632141,0.0,-0.2892561934211037,-0.23080832741477272,0.0,0.0,-1.9673295454545454,0.08388098862487824,-0.10499999821186065,-0.0,-0.0,0.0,0.0,0.0,0.0,0.0,0.0,0.0,0.06467368453741074,6.039431180991232,32.4,0.7326086850269979,0.0,0.25,0.699999988079071,3.0,3.0,0.25,0.699999988079071,0.25,0.699999988079071,0.25,26.0,0.0,0.0,0.0,0.25,0.25,0.0,0.0,0.0,0.0,0.0,0.0,0.0,0.0,0.0,0.0,0.0,0.0,0.0,0.0,0.0,0.0,0.0,0.0,0.0,0.0,0.0,0.0,0.0,0.0,0.0,0.0,28.0,28.0,28.0,0.0,0.0,0.0,0.0,0.0,1.0,0.0,1.0,0.0,0.0,0.0,1.08,60.46569999307394,0.4759000148624182,0.000500003807246685,37.70280000753701,17.879400053061545,4.0,17.95410003978759,3.388499957509339,0.9046000195667148,0.000400003045797348
1,28,28,-5.454600385743202,0,0,3.0,3.0,0.6062565445899963,0.5738891363143921,0.7279526591300964,0.7424554228782654,0.7417814135551453,1.0,1.0,1.0,1.0,1.0,1.0,1.0,0.5738891363143921,0.5738891363143921,0.7417814135551453,1.0,1.0,1.0,0.37724143266677856,-0.7058945298194885,0.8003737926483154,-0.8819561004638672,0.08627758920192719,0.19515731930732727,0.4545454680919647,-0.062261197715997696,0.07239872962236404,-0.9973757863044739,0.0,0.0,0.0,0.0,0.0,0.0,96.08081817626953,14.34722900390625,14.34722900390625,18.54453468322754,25.0,25.0,0.0,1.0,0.57388916015625,0.57388916015625,1.0,0.0,0.0,1.0,0.0,-0.35567764937877655,0.23539694205351103,-2.8933650498092174,-2.4409546286087194,0.0,-0.0,-0.0016153690818911175,-1.3619978928745457e-05,0.0,0.15,-0.0,0.0,0.0,-0.0,0.0,0.0,0.0,0.0,0.35,0.0,0.0,0.0,0.0,0.0,0.0,0.0,0.0,0.25,-0.0,0.14385986328125,0.0,0.14432235062122345,-0.0,0.0359649658203125,0.0359649658203125,-0.05,0.10063495114445686,0.06708996742963791,-3.0,0.0,-0.01342685794335391,-0.0,-0.3092246071802719,0.30545454025268554,0.3818181753158569,-0.3181818127632141,0.0,-0.2892561934211037,-0.23080832741477272,0.0,0.0,-1.9673295454545454,0.08702593111433089,-0.0,-0.0,-0.0,0.0,0.0,0.0,0.0,0.0,0.0,0.0,0.06708996742963791,6.265867040231824,32.4,0.7326086850269979,0.0,0.25,0.699999988079071,3.0,3.0,0.25,0.699999988079071,0.25,0.699999988079071,0.25,27.0,0.0,0.0,0.0,0.25,0.25,0.0,0.0,0.0,0.0,0.0,0.0,0.0,0.0,0.0,0.0,0.0,0.0,0.0,0.0,0.0,0.0,0.0,0.0,0.0,0.0,0.0,0.0,0.0,0.0,0.0,0.0,28.0,28.0,28.0,0.0,0.0,0.0,0.0,0.0,1.0,0.0,1.0,0.0,0.0,0.0,1.12,23.531800019554794,0.6138000171631575,0.000600004568696022,14.09160008188337,10.893799946643412,4.0,5.13369997497648,2.948199980892241,0.7117000641301274,0.000500003807246685
1,29,29,-5.486593025933791,0,0,3.0,3.0,0.6062565445899963,0.5738891363143921,0.7279526591300964,0.7424554228782654,0.7417814135551453,1.0,1.0,1.0,1.0,1.0,1.0,1.0,0.5738891363143921,0.5738891363143921,0.7417814135551453,1.0,1.0,1.0,0.37779873609542847,-0.7059363722801208,0.8006734848022461,-0.8816782236099243,0.08951238542795181,0.1965589076280594,0.4545454680919647,-0.062261197715997696,0.07769010215997696,-0.9969775676727295,0.0,0.0,0.0,0.0,0.0,0.0,96.11843872070312,14.239153861999512,14.239153861999512,18.583942413330078,25.0,25.0,0.0,1.0,0.5695661544799805,0.5695661544799805,1.0,0.0,0.0,1.0,0.0,-0.3593077063560486,0.23778534222039344,-2.889730231910944,-2.4753404298871926,0.0,-0.0,-0.0015964842753417256,-1.3619978928745457e-05,-0.0008963584899902358,0.15,-0.0,0.0,0.0,-0.0,0.0,0.0,0.0,0.0,0.35,0.0,0.0,0.0,0.0,0.0,0.0,0.0,0.0,0.25,-0.0,0.150482177734375,-0.01025390625,0.15094619989395142,-0.0,0.03762054443359375,0.03762054443359375,-0.05,0.10426976904273033,0.06951317936182022,-3.0,0.0,-0.013930735623118067,-0.0,-0.33771480298468043,0.30545454025268554,0.3818181753158569,-0.3181818127632141,0.0,-0.2892561934211037,-0.2268783222545277,0.0,0.0,-1.9766512784090908,0.09029180496465415,-0.0,-0.0,-0.0,0.0,0.0,0.0,0.0,0.0,0.0,0.0,0.06951317936182022,6.501009957455098,32.4,0.7326086850269979,0.0,0.25,0.699999988079071,3.0,3.0,0.25,0.699999988079071,0.25,0.699999988079071,0.25,28.0,0.0,0.0,0.0,0.25,0.25,0.0,0.0,0.0,0.0,0.0,0.0,0.0,0.0,0.0,0.0,0.0,0.0,0.0,0.0,0.0,0.0,0.0,0.0,0.0,0.0,0.0,0.0,0.0,0.0,0.0,0.0,28.0,28.0,28.0,0.0,0.0,0.0,0.0,0.0,1.0,0.0,1.0,0.0,0.0,0.0,1.16,49.68149994965643,0.685499981045723,0.000500003807246685,39.23549992032349,19.042299943976104,4.0,5.395899992436171,3.0086999759078026,1.3249999610707164,0.000400003045797348
1,30,30,-5.6106327506786675,0,0,3.0,2.0,0.5997117161750793,0.5695661306381226,0.7276805639266968,0.7438026666641235,0.7433577179908752,1.0,1.0,1.0,1.0,1.0,1.0,1.0,0.5695661306381226,0.5695661306381226,0.7433577179908752,1.0,1.0,1.0,0.37837594747543335,-0.7059828639030457,0.8009870052337646,-0.881391167640686,0.09287156909704208,0.20411711931228638,0.4545454680919647,-0.06964575499296188,0.08328433334827423,-0.9965258240699768,0.0,0.0,0.0,0.0,0.0,0.0,96.15733337402344,14.239153861999512,14.239153861999512,18.583942413330078,25.0,25.0,0.0,1.0,0.5695661544799805,0.5695661544799805,1.0,0.0,0.0,1.0,0.0,-0.34398069977760315,0.24047801331262053,-2.9151547855138777,-2.591975278699807,0.0,-0.0,-0.0015964842753417256,-1.3619978928745457e-05,0.0,0.15,-0.0,0.0,0.0,-0.0,0.0,0.0,0.0,0.0,0.35,0.0,0.0,0.0,0.0,0.0,0.0,0.0,0.0,0.25,-0.0,0.15557861328125,0.0,0.15601930022239685,-0.0,0.0388946533203125,0.0388946533203125,-0.05,0.10684521496295929,0.07123014330863953,-3.0,0.0,-0.014207880996034615,-0.0,-0.3616551526263357,0.15272727012634277,0.19090908765792844,-0.15909090638160706,0.0,-0.14462809671055185,-0.2268783222545277,0.0,0.0,-1.9766512784090908,0.09208811756689102,-0.052499999105930326,-0.0,-0.0,0.0,0.0,0.0,0.0,0.0,0.0,0.0,0.07123014330863953,6.630344464816154,23.26086922832157,0.4206521686004555,0.0,0.25,0.3499999940395355,3.0,2.0,0.25,0.3499999940395355,0.25,0.3499999940395355,0.25,29.0,0.0,0.0,0.0,0.25,0.25,0.0,0.0,0.0,0.0,0.0,0.0,0.0,0.0,0.0,0.0,0.0,0.0,0.0,0.0,0.0,0.0,0.0,0.0,0.0,0.0,0.0,0.0,0.0,0.0,0.0,0.0,28.0,28.0,28.0,0.0,0.0,0.0,0.0,0.0,1.0,0.0,1.0,0.0,0.0,0.0,1.2,24.316299939528108,0.6072999676689506,0.000600004568696022,15.607599983923137,11.909599998034537,4.0,4.345400026068091,2.9694000259041786,0.7561999373137951,0.000500003807246685
1,31,31,-5.563999222889569,0,0,3.0,4.0,0.5997117161750793,0.5695661306381226,0.7276805639266968,0.7438026666641235,0.7433577179908752,1.0,1.0,1.0,1.0,1.0,1.0,1.0,0.5695661306381226,0.5695661306381226,0.7433577179908752,1.0,1.0,1.0,0.37896716594696045,-0.7060335874557495,0.8013111352920532,-0.8810979127883911,0.09471920877695084,0.11226953566074371,0.4545454680919647,-0.06964575499296188,0.08911816030740738,-0.996021032333374,0.0,0.0,0.0,0.0,0.0,0.0,96.19821166992188,14.120368003845215,14.120368003845215,18.629257202148438,25.0,25.0,0.0,1.0,0.5648147201538086,0.5648147201538086,1.0,0.0,0.0,1.0,0.0,-0.3464266508817673,0.24551687067477698,-2.859234904199839,-2.6038545384827394,0.0,-0.0,-0.0015750731414882892,-1.3619978928745457e-05,0.0006160736083984444,0.15,-0.0,0.0,0.0,-0.0,0.0,0.0,0.0,0.0,0.35,0.0,0.0,0.0,0.0,0.0,0.0,0.0,0.0,0.25,-0.0,0.16351318359375,-0.01025390625,0.16382725536823273,-0.0,0.0408782958984375,0.0408782958984375,-0.05,0.11076509580016136,0.07384339720010757,-3.0,0.0,-0.014886949914534176,-0.0,-0.3969853310542447,0.43636363636363634,0.5454545454545454,-0.45454545454545453,0.0,-0.4132231404958677,-0.22255883650346237,0.0,0.0,-1.9859730113636362,0.09648949018679559,-0.09749999642372131,-0.0,-0.0,0.0,0.0,0.0,0.0,0.0,0.0,0.0,0.07384339720010757,6.947243293449283,32.4,1.0,0.0,0.25,1.0,3.0,4.0,0.25,1.0,0.25,1.0,0.25,30.0,0.0,0.0,0.0,0.25,0.25,0.0,0.0,0.0,0.0,0.0,0.0,0.0,0.0,0.0,0.0,0.0,0.0,0.0,0.0,0.0,0.0,0.0,0.0,0.0,0.0,0.0,0.0,0.0,0.0,0.0,0.0,28.0,28.0,28.0,0.0,0.0,0.0,0.0,0.0,1.0,0.0,1.0,0.0,0.0,0.0,1.24,57.31880001258105,0.6846000906080008,0.000600004568696022,46.70050006825477,35.38989997468889,4.0,5.65100007224828,3.425000002607703,0.8294000290334225,0.000500003807246685
1,32,32,-11.055134078659723,0,0,3.0,3.0,0.5928817391395569,0.5648147463798523,1.0,0.7453630566596985,0.7451702952384949,1.0,1.0,1.0,1.0,1.0,1.0,1.0,0.5648147463798523,0.5648147463798523,0.7451702952384949,1.0,1.0,1.0,0.37957963347435,-0.7060912251472473,0.8016517758369446,-0.8807954788208008,0.09924633055925369,0.27508577704429626,0.4545454680919647,-0.07404672354459763,0.09514432400465012,-0.995463490486145,0.0,0.0,0.0,0.0,0.0,0.0,96.24102783203125,13.996535301208496,13.996535301208496,18.679296493530273,25.0,19.655826568603516,0.00022483814973384142,0.9997751618502662,0.5598614120483398,0.5598614120483398,1.0,0.0,0.0,1.0,0.0,-0.3393254432972271,-5.213317221055029,-2.879296981020684,-2.623194433286783,0.0,-0.0,-0.0015518024223607197,-0.00011549267709730438,-0.11711837768554687,0.15,-5.344173431396484,0.0,0.0,-0.0,0.0,0.0,0.0,0.0,0.35,0.0,0.0,0.0,0.0,0.0,0.0,0.0,0.0,0.250146144797327,-0.0,0.1712261416108305,-0.0107421875,0.17141674420277292,-0.0,0.042816162109375,0.042816162109375,-0.05,0.11495483865640369,0.0766512081027031,-3.0,0.0,-0.015373319110939544,-0.0,-0.42839679761147004,0.30408098357952124,0.3801012294744015,-0.31675102456200127,3.18478814103483e-08,-0.2890416150007735,-0.21707528375162724,0.0,0.0,-1.9957386363636362,0.09964188312646001,-0.04500000178813934,-0.0,-0.0,0.0,0.0,0.0,0.0,0.0,0.0,0.0,0.0766512081027031,7.174215585105121,32.4,0.7326086850269979,0.0,0.25,0.699999988079071,3.0,3.0,0.25,0.699999988079071,0.25,0.699999988079071,0.25,31.0,0.0,0.0,0.0,0.25,0.25,0.0,0.0,0.0,0.0,0.0,0.0,0.0,0.0,0.0,0.0,0.0,0.0,0.0,0.0,0.0,0.0,0.0,0.0,0.0,0.0,0.0,0.0,0.0,0.0,0.0,0.0,28.0,28.0,28.0,0.0,0.0,0.0,0.0,0.0,1.0,0.0,1.0,0.0,0.0,0.0,1.28,40.467599988915026,0.4685999592766166,0.000500003807246685,32.82179997768253,17.26519991643727,4.0,4.560200031846762,1.972900005057454,0.6082999752834439,0.000500003807246685
1,33,33,-5.5572853971317215,0,0,3.0,3.0,0.5857528448104858,0.559861421585083,1.0,0.7471718788146973,0.7472512722015381,1.0,1.0,1.0,0.7862330675125122,1.0,1.0,1.0,0.559861421585083,0.559861421585083,0.7471718788146973,0.7862330675125122,1.0,1.0,0.3802151679992676,-0.7061545252799988,0.8020085692405701,-0.8804824948310852,0.10248879343271255,0.19702455401420593,0.4545454680919647,-0.08081051707267761,0.10148706287145615,-0.9948368668556213,0.0,0.00022483814973384142,1.0311603546142578e-05,0.0,0.0,0.0,96.28572082519531,13.996535301208496,13.996535301208496,18.679296493530273,25.0,19.655826568603516,0.00022483814973384142,0.9997751618502662,0.5598614120483398,0.5598614120483398,1.0,0.0,0.0,1.0,0.0,-0.32125611018308986,0.25113724405761967,-2.8756695955435156,-2.6114969354627355,0.0,-0.0,-0.0015518024223607197,-0.00011549267709730438,0.0,0.15,-0.0,0.0,0.0,-0.0,0.0,0.0,0.0,0.0,0.35,0.0,0.0,0.0,0.0,0.0,0.0,0.0,0.0,0.250146144797327,-0.0,0.1787317778966937,0.0,0.17874388981691014,-0.0,0.0446929931640625,0.0446929931640625,-0.05,0.11858222413357222,0.07906992733478546,-3.0,0.0,-0.015861271755663413,-0.0,-0.46121134893083804,0.30408098357952124,0.3801012294744015,-0.31675102456200127,3.18478814103483e-08,-0.2890416150007735,-0.21707528375162724,0.0,0.0,-1.9957386363636362,0.10280453915707768,-0.0,-0.0,-0.0,0.0,0.0,0.0,0.0,0.0,0.0,0.0,0.07906992733478546,7.401926819309593,32.4,0.7326086850269979,0.0,0.25,0.699999988079071,3.0,3.0,0.25,0.699999988079071,0.25,0.699999988079071,0.25,32.0,0.0,0.0,0.0,0.25,0.25,0.0,0.0,0.0,0.0,0.0,0.0,0.0,0.0,0.0,0.0,0.0,0.0,0.0,0.0,0.0,0.0,0.0,0.0,0.0,0.0,0.0,0.0,0.0,0.0,0.0,0.0,28.0,28.0,28.0,0.0,0.0,0.0,0.0,0.0,1.0,0.0,1.0,0.0,0.0,0.0,1.32,21.328800008632243,0.5317000905051827,0.000700005330145359,12.943199952133,7.084800046868622,4.0,4.1319000301882625,3.0587000073865056,0.6334999343380332,0.000400003045797348
1,34,34,-6.036925245345158,0,0,3.0,2.0,0.5857528448104858,0.559861421585083,1.0,0.7471718788146973,0.7472512722015381,1.0,1.0,1.0,0.7862330675125122,1.0,1.0,1.0,0.559861421585083,0.559861421585083,0.7471718788146973,0.7862330675125122,1.0,1.0,0.38087040185928345,-0.7062244415283203,0.8023809790611267,-0.8801609873771667,0.10574181377887726,0.1976660043001175,0.4545454680919647,-0.08081051707267761,0.1080378070473671,-0.9941467642784119,0.0,0.00022483814973384142,1.0311603546142578e-05,0.0,0.0,0.0,96.33181762695312,13.86884593963623,13.86884593963623,18.731365203857422,25.0,19.314931869506836,0.008511110208928585,0.9914888897910714,0.5547538375854493,0.5547538375854493,1.0,0.0,0.0,1.0,0.0,-0.3166860401624686,-0.10519670595480163,-2.90648126371575,-2.7085612355121373,0.0,-0.0,-0.001527996497013076,-0.00013236523133882886,-0.017105522155761714,0.15,-0.3408946990966797,0.0,0.0,-0.0,0.0,0.0,0.0,0.0,0.35,0.0,0.0,0.0,0.0,0.0,0.0,0.0,0.0,0.2555322216358036,-0.0,0.1828178671910905,0.0004841254344682966,0.18282983440306314,-0.0,0.0460968017578125,0.0460968017578125,-0.05,0.12028495839691868,0.08077432960271835,-3.0,0.0,-0.016117283884010142,-0.0,-0.48012422560842666,0.12672969756726057,0.15841212195907572,-0.1320101016325631,2.281828366279338e-05,-0.14059449885277375,-0.17708501992025055,0.0,0.0,-1.9952947443181817,0.10446387702599168,-0.052499999105930326,-0.0,-0.0,0.0,0.0,0.0,0.0,0.0,0.0,0.0,0.08077432960271835,7.5213991458714,23.26086922832157,0.4206521686004555,0.0,0.25,0.3499999940395355,3.0,2.0,0.25,0.3499999940395355,0.25,0.3499999940395355,0.25,33.0,0.0,0.0,0.0,0.25,0.25,0.0,0.0,0.0,0.0,0.0,0.0,0.0,0.0,0.0,0.0,0.0,0.0,0.0,0.0,0.0,0.0,0.0,0.0,0.0,0.0,0.0,0.0,0.0,0.0,0.0,0.0,28.0,28.0,28.0,0.0,0.0,0.0,0.0,0.0,1.0,0.0,1.0,0.0,0.0,0.0,1.36,67.68139998894185,0.6272000027820468,0.000500003807246685,42.16920002363622,17.11079990491271,4.0,20.93210001476109,3.2766000367701054,0.6359999533742666,0.000500003807246685
1,35,35,-5.681851266266811,0,0,3.0,4.0,0.5783900618553162,0.554753839969635,1.0,0.749254584312439,0.749625027179718,1.0,1.0,1.0,0.7725972533226013,1.0,1.0,1.0,0.554753839969635,0.554753839969635,0.749254584312439,0.7725972533226013,1.0,1.0,0.38153931498527527,-0.7062999606132507,0.8027651309967041,-0.8798338770866394,0.10744855552911758,0.10370861738920212,0.4545454680919647,-0.0848383679986,0.1147661805152893,-0.9933925271034241,0.0,0.008511110208928585,0.0012451893417164683,0.0,0.0,0.0,96.38003540039062,13.86884593963623,13.86884593963623,18.731365203857422,25.0,19.314931869506836,0.008511110208928585,0.9914888897910714,0.5547538375854493,0.5547538375854493,1.0,0.0,0.0,1.0,0.0,-0.30882287272833014,0.25710555293532056,-2.8594663810968166,-2.7706675653769848,0.0,-0.0,-0.001527996497013076,-0.00013236523133882886,0.0,0.15,-0.0,0.0,0.0,-0.0,0.0,0.0,0.0,0.0,0.35,0.0,0.0,0.0,0.0,0.0,0.0,0.0,0.0,0.2555322216358036,-0.0,0.19122954661497715,0.0,0.19117712727166986,-0.0,0.0482177734375,0.0482177734375,-0.05,0.1241513952374692,0.08337073773145676,-3.0,0.0,-0.016781026833823747,-0.0,-0.519892599419746,0.3620848563584414,0.4526060704480518,-0.3771717253733765,6.519509728967554e-05,-0.4016985749916681,-0.17708501992025055,0.0,0.0,-1.9952947443181817,0.10876591466367246,-0.09749999642372131,-0.0,-0.0,0.0,0.0,0.0,0.0,0.0,0.0,0.0,0.08337073773145676,7.831145855784416,32.4,1.0,0.0,0.25,1.0,3.0,4.0,0.25,1.0,0.25,1.0,0.25,34.0,0.0,0.0,0.0,0.25,0.25,0.0,0.0,0.0,0.0,0.0,0.0,0.0,0.0,0.0,0.0,0.0,0.0,0.0,0.0,0.0,0.0,0.0,0.0,0.0,0.0,0.0,0.0,0.0,0.0,0.0,0.0,28.0,28.0,28.0,0.0,0.0,0.0,0.0,0.0,1.0,0.0,1.0,0.0,0.0,0.0,1.4,25.576499989256263,0.6354000652208924,0.0005998881533741951,15.4266000026837,11.565099935978651,4.0,5.239499965682626,3.5996000515297055,0.6467999191954732,0.000400003045797348
1,36,36,-6.1696271980805015,0,0,3.0,4.0,0.5783900618553162,0.554753839969635,1.0,0.749254584312439,0.749625027179718,1.0,1.0,1.0,0.7725972533226013,1.0,1.0,1.0,0.554753839969635,0.554753839969635,0.749254584312439,0.7725972533226013,1.0,1.0,0.38222911953926086,-0.7063838243484497,0.8031669855117798,-0.8794980645179749,0.11187351495027542,0.2688773572444916,0.4545454680919647,-0.0848383679986,0.12164541333913803,-0.992573618888855,0.0,0.008511110208928585,0.0012451893417164683,0.0,0.0,0.0,96.43072509765625,9.52212905883789,9.52212905883789,18.789962768554688,25.0,19.356435775756836,0.07674215734004974,0.9232578426599503,0.3808851623535156,0.3808851623535156,1.0,0.0,0.0,1.0,0.0,-0.3314092597805205,-0.08363761441249645,-2.9283324997047058,-2.8262478241827793,0.0,-0.0,-0.0015016950904681344,-0.00013018590186899176,-0.5365203857421875,0.15,-0.0,0.0,0.0,-0.0,0.0,0.11259855722126207,-0.0,0.25,0.0,0.0,0.0,0.11259855722126207,-0.0,0.0,-0.0,-0.03376963616541793,0.0,0.29988240227103236,-0.0,0.18719864217018767,-0.0185546875,0.1871454277194795,-0.0,0.050689697265625,0.050689697265625,-0.05,0.12166750029529426,0.08677186816930771,-3.0,0.0,-0.017447735424073678,-0.0,-0.4867375968797072,0.0,0.0,-0.0,0.005300422841884455,-0.3152002726754282,-0.0,0.0,0.0,-2.0121626420454546,0.113087174044922,-0.0,-0.0,-0.0,0.0,0.0,0.0,0.0,0.0,0.0,0.0,0.08677186816930771,8.142276531234383,32.4,1.0,0.0,0.25,1.0,3.0,4.0,0.25,1.0,0.25,1.0,0.25,35.0,1.0,0.0,0.0,0.25,0.25,0.0,0.0,0.0,0.0,0.0,0.0,0.0,0.0,0.0,0.0,0.0,0.0,0.0,0.0,0.0,0.0,0.0,0.0,0.0,0.0,0.0,0.0,0.0,0.0,0.0,0.0,28.0,28.0,28.0,0.0,0.0,0.0,0.0,0.0,1.0,0.0,1.0,0.0,0.0,0.0,1.44,49.37279992736876,0.5599999567493796,0.000600004568696022,39.91409996524453,19.267699914053082,4.0,4.856400075368583,3.3741999650374055,0.6354999495670199,0.000400003045797348
1,37,37,-5.505379214306831,0,0,3.0,2.0,0.38088515400886536,0.5495015978813171,1.0,0.7515985369682312,0.7522770166397095,1.0,1.0,1.0,0.7742574214935303,1.0,1.0,1.0,0.38088515400886536,0.38088515400886536,0.7515985369682312,0.7742574214935303,1.0,1.0,0.3829464614391327,-0.7064756751060486,0.803589403629303,-0.8791500926017761,0.1163182333111763,0.27007871866226196,0.4545454680919647,-0.09009254723787308,0.1288377195596695,-0.9916656613349915,0.0,0.07674215734004974,0.01682421565055847,1.0,0.0,0.0,96.48310089111328,9.52212905883789,9.52212905883789,18.789962768554688,25.0,19.356435775756836,0.07674215734004974,0.9232578426599503,0.3808851623535156,0.3808851623535156,1.0,0.0,0.0,1.0,0.0,-0.30660558887807454,0.4749271464599449,-2.9254481740257745,-2.7482525978629266,0.0,-0.0,-0.0015016950904681344,-0.00013018590186899176,0.0,0.15,-0.0,0.0,0.0,-0.0,0.0,0.11259855722126207,-0.0,0.25,0.0,0.0,0.0,0.11259855722126207,-0.0,0.0,-0.0016193414811730535,-0.011819372456613558,-0.007482573961264283,0.29988240227103236,-0.0,0.19342544829896724,0.0,0.19339441112192546,-0.0,0.05237579345703125,0.05237579345703125,-0.05,0.12455182597422565,0.0888289362192154,-3.0,0.0,-0.017712096729049723,-0.0,-0.5124129170701079,0.0,0.0,-0.0,0.0018551479630665774,-0.11032009355765984,-0.0,0.0,0.0,-2.0121626420454546,0.11480062694754452,-0.09749999642372131,-0.0,-0.0,0.0,0.0,0.0,0.0,0.0,0.0,0.0,0.0888289362192154,8.265645140223205,23.26086922832157,0.4206521686004555,0.0,0.25,0.3499999940395355,3.0,2.0,0.25,0.3499999940395355,0.25,0.3499999940395355,0.25,36.0,1.0,0.0,0.0,0.25,0.25,0.0,0.0,0.0,0.0,0.0,0.0,0.0,0.0,0.0,0.0,0.0,0.0,0.0,0.0,0.0,0.0,0.0,0.0,0.0,0.0,0.0,0.0,0.0,0.0,0.0,0.0,28.0,28.0,28.0,0.0,0.0,0.0,0.0,0.0,1.0,0.0,1.0,0.0,0.0,0.0,1.48,22.94529997743666,0.6603000219911337,0.000600004568696022,15.58070001192391,11.18009991478175,4.0,3.930100006982684,2.064500004053116,0.6817999528720975,0.000400003045797348
1,38,38,-1.7945824307015275,0,0,3.0,3.0,0.38088515400886536,0.5495015978813171,1.0,0.7515985369682312,0.7522770166397095,1.0,1.0,1.0,0.7742574214935303,1.0,1.0,1.0,0.38088515400886536,0.38088515400886536,0.7515985369682312,0.7742574214935303,1.0,1.0,0.38368019461631775,-0.7065741419792175,0.8040258288383484,-0.878795325756073,0.11808064579963684,0.10709080845117569,0.4545454680919647,-0.09009254723787308,0.13625425100326538,-0.9906738996505737,0.0,0.07674215734004974,0.01682421565055847,1.0,-0.024951694533228874,0.0,96.53730010986328,13.601136207580566,13.601136207580566,18.853532791137695,25.0,19.31755256652832,0.025842709466814995,0.974157290533185,0.5440454483032227,0.5440454483032227,1.0,0.0,0.0,1.0,0.0,-0.2980073425255569,4.2759113329296605,-2.889749644100328,-2.882736777005303,0.0,-0.0,-0.0014737368259603561,-0.00013222654837372823,4.048523025512695,0.15,-0.038883209228515625,0.0,0.0,-0.0,0.0,0.0,0.0,0.0,0.35,0.0,0.0,0.0,0.0,0.0,0.0,0.0,0.0,0.26679776115342974,-0.0,0.2111942563460616,-0.00927734375,0.21127000122444312,-0.0,0.05419921875,0.05419921875,-0.05,0.13319419096326862,0.09079045802354813,-3.0,0.0,-0.01818681120305721,-0.0,-0.6066787426089661,0.14757908147129156,0.18447385183911447,-0.15372820986592872,0.00042074274136410557,-0.2651140814132161,-0.09840601795088419,0.0,0.0,-2.020596590909091,0.11787748001981527,-0.052499999105930326,-0.0,-0.0,0.0,0.0,0.0,0.0,0.0,0.0,0.0,0.09079045802354813,8.487178561426699,32.4,0.7326086850269979,0.0,0.25,0.699999988079071,3.0,3.0,0.25,0.699999988079071,0.25,0.699999988079071,0.25,37.0,0.0,0.0,0.0,0.25,0.25,0.0,0.0,0.0,0.0,0.0,0.0,0.0,0.0,0.0,0.0,0.0,0.0,0.0,0.0,0.0,0.0,0.0,0.0,0.0,0.0,0.0,0.0,0.0,0.0,0.0,0.0,28.0,28.0,28.0,0.0,0.0,0.0,0.0,0.0,1.0,0.0,1.0,0.0,0.0,0.0,1.52,40.380300022661686,0.6824999582022429,0.000600004568696022,32.04610000830144,18.86970002669841,4.0,4.734300076961517,2.099699922837317,0.7872000569477677,0.000400003045797348
1,39,39,-5.781158293654278,0,0,3.0,2.0,0.5629973411560059,0.5440454483032227,1.0,0.7541413307189941,0.7553210258483887,1.0,1.0,1.0,0.7727020978927612,1.0,1.0,1.0,0.5440454483032227,0.5440454483032227,0.7541413307189941,0.7727020978927612,1.0,1.0,0.3844291865825653,-0.7066811323165894,0.8044775128364563,-0.878434956073761,0.12124540656805038,0.19230331480503082,0.4545454680919647,-0.09389012306928635,0.1437699794769287,-0.9896111488342285,0.0,0.025842709466814995,0.006693925242871046,0.0,0.0,0.0,96.59307098388672,13.452655792236328,13.452655792236328,18.921096801757812,25.0,19.35926628112793,0.03479538857936859,0.9652046114206314,0.5381062316894532,0.5381062316894532,1.0,0.0,0.0,1.0,0.0,-0.303159426355891,0.29410932370041853,-2.9068631737927926,-2.8652450172060133,0.0,-0.0,-0.0014446643165099099,-0.00013003858852118037,0.026192569732666017,0.15,-0.0,0.0,0.0,-0.0,0.0,0.0,0.0,0.0,0.35,0.0,0.0,0.0,0.0,0.0,0.0,0.0,0.0,0.2726170025765896,-0.0,0.2153212191615239,-0.0185546875,0.215395261144109,-0.0,0.0557708740234375,0.0557708740234375,-0.05,0.13462224395665612,0.09248346090316772,-3.0,0.0,-0.01843582477465804,-0.0,-0.6245520729304209,0.04644317591209699,0.05805396989012123,-0.0483783082417677,0.00038137649941781185,-0.12849792761384823,-0.06029491820466071,0.0,0.0,-2.0374644886363638,0.1194914568727836,-0.052499999105930326,-0.0,-0.0,0.0,0.0,0.0,0.0,0.0,0.0,0.0,0.09248346090316772,8.603384894840419,23.26086922832157,0.4206521686004555,0.0,0.25,0.3499999940395355,3.0,2.0,0.25,0.3499999940395355,0.25,0.3499999940395355,0.25,38.0,0.0,0.0,0.0,0.25,0.25,0.0,0.0,0.0,0.0,0.0,0.0,0.0,0.0,0.0,0.0,0.0,0.0,0.0,0.0,0.0,0.0,0.0,0.0,0.0,0.0,0.0,0.0,0.0,0.0,0.0,0.0,28.0,28.0,28.0,0.0,0.0,0.0,0.0,0.0,1.0,0.0,1.0,0.0,0.0,0.0,1.56,54.30560000240803,0.7329999934881926,0.000500003807246685,45.19610002171248,25.699199992232025,4.0,4.754900000989437,2.887299982830882,0.6862999871373177,0.000400003045797348
1,40,40,-5.757363948766481,0,0,3.0,2.0,0.5550696849822998,0.5381062030792236,1.0,0.7568438649177551,0.758708655834198,1.0,1.0,1.0,0.7743706703186035,1.0,1.0,1.0,0.5381062030792236,0.5381062030792236,0.7568438649177551,0.7743706703186035,1.0,1.0,0.385191410779953,-0.7067952752113342,0.80494225025177,-0.8780695796012878,0.12290550023317337,0.10087355226278305,0.4545454680919647,-0.09775181114673615,0.1514609158039093,-0.9884632229804993,0.0,0.03479538857936859,0.010458999313414097,0.0,0.0,0.0,96.65023803710938,13.452655792236328,13.452655792236328,18.921096801757812,25.0,19.35926628112793,0.03479538857936859,0.9652046114206314,0.5381062316894532,0.5381062316894532,1.0,0.0,0.0,1.0,0.0,-0.2791145862544182,0.26957898458977586,-2.905030800650317,-2.842797546451522,0.0,-0.0,-0.0014446643165099099,-0.00013003858852118037,0.0,0.15,-0.0,0.0,0.0,-0.0,0.0,0.0,0.0,0.0,0.35,0.0,0.0,0.0,0.0,0.0,0.0,0.0,0.0,0.2726170025765896,-0.0,0.22071161356734592,0.0,0.2208854137455818,-0.0,0.05716705322265625,0.05716705322265625,-0.05,0.13645461709913162,0.09374227374792099,-3.0,0.0,-0.0186922832134845,-0.0,-0.6543481428430329,0.04644317591209699,0.05805396989012123,-0.0483783082417677,0.00038137649941781185,-0.12849792761384823,-0.06029491820466071,0.0,0.0,-2.0374644886363638,0.12115368749480696,-0.0,-0.0,-0.0,0.0,0.0,0.0,0.0,0.0,0.0,0.0,0.09374227374792099,8.7230654996261,23.26086922832157,0.4206521686004555,0.0,0.25,0.3499999940395355,3.0,2.0,0.25,0.3499999940395355,0.25,0.3499999940395355,0.25,39.0,0.0,0.0,0.0,0.25,0.25,0.0,0.0,0.0,0.0,0.0,0.0,0.0,0.0,0.0,0.0,0.0,0.0,0.0,0.0,0.0,0.0,0.0,0.0,0.0,0.0,0.0,0.0,0.0,0.0,0.0,0.0,28.0,28.0,28.0,0.0,0.0,0.0,0.0,0.0,1.0,0.0,1.0,0.0,0.0,0.0,1.6,23.921900079585612,0.5384000251069665,0.000600004568696022,14.262399985454977,7.899999967776239,4.0,5.017000017687678,3.3070999197661877,0.7585000712424517,0.000500003807246685
1,41,41,-5.878433066577816,0,0,3.0,3.0,0.5550696849822998,0.5381062030792236,1.0,0.7568438649177551,0.758708655834198,1.0,1.0,1.0,0.7743706703186035,1.0,1.0,1.0,0.5381062030792236,0.5381062030792236,0.7568438649177551,0.7743706703186035,1.0,1.0,0.38596299290657043,-0.7069170475006104,0.8054186701774597,-0.8777014017105103,0.12461522221565247,0.10388941317796707,0.4545454680919647,-0.09775181114673615,0.1592339724302292,-0.9872408509254456,0.0,0.03479538857936859,0.010458999313414097,0.0,0.0,0.0,96.70932006835938,13.304235458374023,13.304235458374023,18.996204376220703,25.0,19.407625198364258,0.043737053871154785,0.9562629461288452,0.5321694183349609,0.5321694183349609,1.0,0.0,0.0,1.0,0.0,-0.27010394157453277,0.3075999191891986,-2.904738480249431,-3.0111905639430514,0.0,-0.0,-0.0014131051092113745,-0.00012754735077636178,0.034903526306152344,0.15,-0.0,0.0,0.0,-0.0,0.0,0.0,0.0,0.0,0.35,0.0,0.0,0.0,0.0,0.0,0.0,0.0,0.0,0.27842908501625063,-0.0,0.225991829065606,0.0037354021333158016,0.22616065629215143,-0.0,0.05908203125,0.05908203125,-0.05,0.13824702020571852,0.09572333842515945,-3.0,0.0,-0.01916800128149667,-0.0,-0.6798725629909728,0.03826090660827503,0.04782613326034379,-0.039855111050286496,0.0012051458047133152,-0.24901362042005623,-0.02416010249491427,0.0,0.0,-2.033913352272727,0.12423704534303398,-0.052499999105930326,-0.0,-0.0,0.0,0.0,0.0,0.0,0.0,0.0,0.0,0.09572333842515945,8.945067264698446,32.4,0.7326086850269979,0.0,0.25,0.699999988079071,3.0,3.0,0.25,0.699999988079071,0.25,0.699999988079071,0.25,40.0,0.0,0.0,0.0,0.25,0.25,0.0,0.0,0.0,0.0,0.0,0.0,0.0,0.0,0.0,0.0,0.0,0.0,0.0,0.0,0.0,0.0,0.0,0.0,0.0,0.0,0.0,0.0,0.0,0.0,0.0,0.0,28.0,28.0,28.0,0.0,0.0,0.0,0.0,0.0,1.0,0.0,1.0,0.0,0.0,0.0,1.64,65.3346999315545,0.6606000242754817,0.000700005330145359,48.21870010346174,22.31129992287606,4.0,13.161799986846745,2.3138000397011638,0.9329000022262335,0.0003998866304755211
1,42,42,-5.889090435555044,0,0,3.0,3.0,0.5471405982971191,0.5321694016456604,1.0,0.7598481774330139,0.7624402642250061,1.0,1.0,1.0,0.7763050198554993,1.0,1.0,1.0,0.5321694016456604,0.5321694016456604,0.7598481774330139,0.7763050198554993,1.0,1.0,0.38674983382225037,-0.7070481777191162,0.8059110045433044,-0.8773278594017029,0.12778668105602264,0.19270986318588257,0.4545454680919647,-0.10044433176517487,0.16713421046733856,-0.9859341382980347,0.0,0.043737053871154785,0.014509993605315685,0.0,0.0,0.0,96.77054595947266,13.304235458374023,13.304235458374023,18.996204376220703,25.0,19.407625198364258,0.043737053871154785,0.9562629461288452,0.5321694183349609,0.5321694183349609,1.0,0.0,0.0,1.0,0.0,-0.26562580224030086,0.2758160581788632,-2.901257289255887,-2.99802340223772,0.0,-0.0,-0.0014131051092113745,-0.00012754735077636178,0.0,0.15,-0.0,0.0,0.0,-0.0,0.0,0.0,0.0,0.0,0.35,0.0,0.0,0.0,0.0,0.0,0.0,0.0,0.0,0.27842908501625063,-0.0,0.23419220406140084,0.0,0.23437419775969914,-0.0,0.06122589111328125,0.06122589111328125,-0.05,0.14172821119926252,0.09813374280929565,-3.0,0.0,-0.019649321069994143,-0.0,-0.7187240806030739,0.03826090660827503,0.04782613326034379,-0.039855111050286496,0.0012051458047133152,-0.24901362042005623,-0.02416010249491427,0.0,0.0,-2.033913352272727,0.12735671063885093,-0.0,-0.0,-0.0,0.0,0.0,0.0,0.0,0.0,0.0,0.0,0.09813374280929565,9.169683165997267,32.4,0.7326086850269979,0.0,0.25,0.699999988079071,3.0,3.0,0.25,0.699999988079071,0.25,0.699999988079071,0.25,41.0,0.0,0.0,0.0,0.25,0.25,0.0,0.0,0.0,0.0,0.0,0.0,0.0,0.0,0.0,0.0,0.0,0.0,0.0,0.0,0.0,0.0,0.0,0.0,0.0,0.0,0.0,0.0,0.0,0.0,0.0,0.0,28.0,28.0,28.0,0.0,0.0,0.0,0.0,0.0,1.0,0.0,1.0,0.0,0.0,0.0,1.68,23.420199984684587,0.5691000260412693,0.000600004568696022,17.43120001628995,11.230900068767369,4.0,3.031299915164709,1.8447000766173005,0.5164999747648835,0.000400003045797348
1,43,43,-2.7156085838308264,0,0,3.0,3.0,0.5471405982971191,0.5321694016456604,1.0,0.7598481774330139,0.7624402642250061,1.0,1.0,1.0,0.7763050198554993,1.0,1.0,1.0,0.5321694016456604,0.5321694016456604,0.7598481774330139,0.7763050198554993,1.0,1.0,0.38755539059638977,-0.7071888446807861,0.8064212203025818,-0.8769471645355225,0.1309954673051834,0.19497908651828766,0.4545454680919647,-0.10044433176517487,0.17524302005767822,-0.984525203704834,0.0,0.043737053871154785,0.014509993605315685,0.0,0.0,0.0,96.83397674560547,13.153942108154297,13.153942108154297,19.071392059326172,25.0,19.39444923400879,0.05278720706701279,0.9472127929329872,0.5261576843261718,0.5261576843261718,1.0,0.0,0.0,1.0,0.0,-0.2770782642912817,0.30117294883374507,0.2940262360763714,-3.0537295044496613,0.02,-0.0,-0.0013822937865429477,-0.00012822134907071282,0.01427158355712891,0.15,-0.01317596435546875,0.0,0.0,-0.0,0.0,0.011735608703211723,-0.0,0.25,0.0,0.0,0.0,0.011735608703211723,-0.0,0.0,-0.0,-0.0023678190236688956,0.0,0.2843116845935583,-0.0,0.2403298083631853,-0.017578125,0.24049986070871832,-0.0,0.0634307861328125,0.0634307861328125,-0.05,0.14402623607637138,0.10052809864282608,0.2,0.0,-0.02013188601367708,-0.0,-0.7443968747654165,0.0,0.0,-0.0,0.0017554881849636951,-0.2410627659464405,-0.0,0.0,0.0,-2.049893465909091,0.13048444638494403,-0.0,-0.0,-0.0,0.02,0.0,0.0,0.0,0.0,0.0,0.0,0.10052809864282608,9.394880139715971,32.4,0.7326086850269979,0.0,0.25,0.699999988079071,3.0,3.0,0.25,0.699999988079071,0.25,0.699999988079071,0.25,42.0,1.0,0.0,0.0,0.25,0.25,0.0,0.0,0.0,0.0,0.0,0.0,0.0,0.0,0.0,0.0,0.0,0.0,0.0,0.0,0.0,0.0,0.0,0.0,0.0,0.0,0.0,0.0,0.0,0.0,0.0,0.0,28.0,28.0,28.0,0.0,0.0,0.0,0.0,0.0,1.0,0.0,1.0,0.0,0.0,0.0,1.72,59.7712000599131,0.42179995216429234,0.000400003045797348,51.70650000218302,38.10530004557222,4.0,3.9331000298261642,3.0595000134781003,0.6182000506669283,0.000400003045797348
1,44,44,-2.7247909279294786,0,0,3.0,3.0,0.5391160249710083,0.5261576771736145,1.0,0.7628557085990906,0.7665716409683228,1.0,1.0,1.0,0.7757779955863953,1.0,1.0,1.0,0.5261576771736145,0.5261576771736145,0.7628557085990906,0.7757779955863953,1.0,1.0,0.38837939500808716,-0.7073397040367126,0.80694979429245,-0.8765597343444824,0.13421256840229034,0.1954834908246994,0.4545454680919647,-0.10505397617816925,0.18354234099388123,-0.983011782169342,0.0,0.05278720706701279,0.0191307682543993,1.0,0.0,0.0,96.899658203125,13.153942108154297,13.153942108154297,19.071392059326172,25.0,19.39444923400879,0.05278720706701279,0.9472127929329872,0.5261576843261718,0.5261576843261718,1.0,0.0,0.0,1.0,0.0,-0.2510098863783994,0.30294099373680833,0.29743697991468865,-3.0941590152025764,0.02,-0.0,-0.0013822937865429477,-0.00012822134907071282,0.0,0.15,-0.0,0.0,0.0,-0.0,0.0,0.011735608703211723,-0.0,0.25,0.0,0.0,0.0,0.011735608703211723,-0.0,0.0,-0.00021177132695073293,-0.0023678190236688956,-0.008637683774024296,0.2843116845935583,-0.0,0.2488572672839382,0.0,0.24899011362160062,-0.0,0.06568145751953125,0.06568145751953125,-0.05,0.14743697991468863,0.10290874540805817,0.2,0.0,-0.020606381765992516,-0.0,-0.7843518897660163,0.0,0.0,-0.0,0.0017554881849636951,-0.2410627659464405,-0.0,0.0,0.0,-2.049893465909091,0.13355988181661815,-0.0,-0.0,-0.0,0.02,0.0,0.0,0.0,0.0,0.0,0.0,0.10290874540805817,9.616311490796507,32.4,0.7326086850269979,0.0,0.25,0.699999988079071,3.0,3.0,0.25,0.699999988079071,0.25,0.699999988079071,0.25,43.0,1.0,0.0,0.0,0.25,0.25,0.0,0.0,0.0,0.0,0.0,0.0,0.0,0.0,0.0,0.0,0.0,0.0,0.0,0.0,0.0,0.0,0.0,0.0,0.0,0.0,0.0,0.0,0.0,0.0,0.0,0.0,28.0,28.0,28.0,0.0,0.0,0.0,0.0,0.0,1.0,0.0,1.0,0.0,0.0,0.0,1.76,21.629500086419284,0.5790001014247537,0.000600004568696022,15.123100019991398,10.352300014346838,4.0,3.0453000217676163,2.233099890872836,0.6214000750333071,0.000600004568696022
1,45,45,-2.564672835172748,0,0,3.0,2.0,0.5391160249710083,0.5261576771736145,1.0,0.7628557085990906,0.7665716409683228,1.0,1.0,1.0,0.7757779955863953,1.0,1.0,1.0,0.5261576771736145,0.5261576771736145,0.7628557085990906,0.7757779955863953,1.0,1.0,0.38922154903411865,-0.7075014114379883,0.8074971437454224,-0.8761658072471619,0.1373758763074875,0.1922147125005722,0.4545454680919647,-0.10505397617816925,0.19202633202075958,-0.9813897609710693,0.0,0.05278720706701279,0.0191307682543993,1.0,-0.030381036922335625,0.0,96.96711730957031,13.00192928314209,13.00192928314209,19.157026290893555,25.0,19.44317626953125,0.06193341314792633,0.9380665868520737,0.5200771713256835,0.5200771713256835,1.0,0.0,0.0,1.0,0.0,-0.25554045633312494,0.4196282639760316,0.2985909828620518,-3.0473516256777065,0.02,-0.0,-0.0013481293907682242,-0.00012574640823467947,0.04239435195922851,0.15,-0.0,0.0,0.0,-0.0,0.0,0.05024595009653191,-0.0,0.25,0.0,0.0,0.0,0.05024595009653191,-0.0,0.0,-0.0017979520824012705,-0.005147315058629638,-0.017442315004390974,0.2902567185461521,-0.0,0.2531245349409801,-0.0087890625,0.25324860616687506,-0.0,0.0674591064453125,0.0674591064453125,-0.05,0.14859098286205183,0.10456532984972,0.2,0.0,-0.020853435306410706,-0.0,-0.8007436352031636,0.0,0.0,-0.0,0.0012082604936312423,-0.1165792938285605,-0.0,0.0,0.0,-2.0578835227272725,0.13516115476377308,-0.052499999105930326,-0.0,-0.0,0.02,0.0,0.0,0.0,0.0,0.0,0.0,0.10456532984972,9.731603142991663,23.26086922832157,0.4206521686004555,0.0,0.25,0.3499999940395355,3.0,2.0,0.25,0.3499999940395355,0.25,0.3499999940395355,0.25,44.0,1.0,0.0,0.0,0.25,0.25,0.0,0.0,0.0,0.0,0.0,0.0,0.0,0.0,0.0,0.0,0.0,0.0,0.0,0.0,0.0,0.0,0.0,0.0,0.0,0.0,0.0,0.0,0.0,0.0,0.0,0.0,28.0,28.0,28.0,0.0,0.0,0.0,0.0,0.0,1.0,0.0,1.0,0.0,0.0,0.0,1.8,42.85960004199296,0.4819000605493784,0.000400003045797348,34.27220007870346,21.032499964348972,4.0,4.656899953261018,2.7934000827372074,0.62369997613132,0.000400003045797348
1,46,46,-2.4885433629365696,0,0,3.0,2.0,0.5309962630271912,0.5200771689414978,1.0,0.7662810683250427,0.7711746692657471,1.0,1.0,1.0,0.7777270674705505,1.0,1.0,1.0,0.5200771689414978,0.5200771689414978,0.7662810683250427,0.7777270674705505,1.0,1.0,0.3900758922100067,-0.7076727151870728,0.8080593347549438,-0.87576824426651,0.13902290165424347,0.10007955878973007,0.4545454680919647,-0.10950364172458649,0.20065955817699432,-0.9796610474586487,0.0,0.06193341314792633,0.0243034940212965,1.0,-0.06009271740913391,0.0,97.03616333007812,12.839387893676758,12.839387893676758,19.242128372192383,25.0,19.4624080657959,0.0710599347949028,0.9289400652050972,0.5135755157470703,0.5135755157470703,1.0,0.0,0.0,1.0,0.0,-0.26089563894984735,0.4757165329799474,0.29909476899690324,-3.022459025963573,0.02,-0.0,-0.0013151298396968574,-0.00012478278769586647,0.02701196670532227,0.15,-0.0,0.0,0.0,-0.0,0.0,0.08867340966274863,-0.0,0.25,0.0,0.0,0.0,0.08867340966274863,-0.0,0.0,-0.004705589929040351,-0.009221999100383267,-0.026330929162381,0.29618895761668684,-0.0,0.2565584591707193,-0.017578125,0.25668248605015265,-0.0,0.0690460205078125,0.0690460205078125,-0.05,0.14909476899690322,0.10578609257936478,0.2,0.0,-0.021094752642059966,-0.0,-0.8163898593021857,0.0,0.0,-0.0,0.0015905969878248832,-0.11270137464351601,-0.0,0.0,0.0,-2.0738636363636362,0.13672524860594423,-0.0,-0.0,-0.0,0.02,0.0,0.0,0.0,0.0,0.0,0.0,0.10578609257936478,9.844217899627983,23.26086922832157,0.4206521686004555,0.0,0.25,0.3499999940395355,3.0,2.0,0.25,0.3499999940395355,0.25,0.3499999940395355,0.25,45.0,1.0,0.0,0.0,0.25,0.25,0.0,0.0,0.0,0.0,0.0,0.0,0.0,0.0,0.0,0.0,0.0,0.0,0.0,0.0,0.0,0.0,0.0,0.0,0.0,0.0,0.0,0.0,0.0,0.0,0.0,0.0,28.0,28.0,28.0,0.0,0.0,0.0,0.0,0.0,1.0,0.0,1.0,0.0,0.0,0.0,1.84,43.765799957327545,0.6129000103101134,0.000600004568696022,36.11579991411418,23.287099902518094,4.0,3.873300040140748,2.5859999004751444,0.5371000152081251,0.000500003807246685
1,47,47,-2.5222024440499546,0,0,3.0,2.0,0.5228946208953857,0.5135754942893982,1.0,0.7696851491928101,0.7762205600738525,1.0,1.0,1.0,0.7784963250160217,1.0,1.0,1.0,0.5135754942893982,0.5135754942893982,0.7696851491928101,0.7784963250160217,1.0,1.0,0.3909386694431305,-0.7078538537025452,0.8086346983909607,-0.8753690719604492,0.14063169062137604,0.09775586426258087,0.4545454680919647,-0.11170825362205505,0.2093593329191208,-0.9778387546539307,0.0,0.0710599347949028,0.029977111145853996,1.0,-0.08889909088611603,0.0,97.1068115234375,12.839387893676758,12.839387893676758,19.242128372192383,25.0,19.4624080657959,0.0710599347949028,0.9289400652050972,0.5135755157470703,0.5135755157470703,1.0,0.0,0.0,1.0,0.0,-0.2373984418671755,0.44863218729643106,0.30082741772432103,-3.054263607203531,0.02,-0.0,-0.0013151298396968574,-0.00012478278769586647,0.0,0.15,-0.0,0.0,0.0,-0.0,0.0,0.08867340966274863,-0.0,0.25,0.0,0.0,0.0,0.08867340966274863,-0.0,0.0,-0.006327272438881171,-0.009221999100383267,-0.035319389145652025,0.29618895761668684,-0.0,0.2625117493835205,0.0,0.2626015581328245,-0.0,0.070648193359375,0.070648193359375,-0.05,0.150827417724321,0.1070154458284378,0.2,0.0,-0.02133378804408546,-0.0,-0.8479554051401184,0.0,0.0,-0.0,0.0015905969878248832,-0.11270137464351601,-0.0,0.0,0.0,-2.0738636363636362,0.13827455213759096,-0.0,-0.0,-0.0,0.02,0.0,0.0,0.0,0.0,0.0,0.0,0.1070154458284378,9.955767753906548,23.26086922832157,0.4206521686004555,0.0,0.25,0.3499999940395355,3.0,2.0,0.25,0.3499999940395355,0.25,0.3499999940395355,0.25,46.0,1.0,0.0,0.0,0.25,0.25,0.0,0.0,0.0,0.0,0.0,0.0,0.0,0.0,0.0,0.0,0.0,0.0,0.0,0.0,0.0,0.0,0.0,0.0,0.0,0.0,0.0,0.0,0.0,0.0,0.0,0.0,28.0,28.0,28.0,0.0,0.0,0.0,0.0,0.0,1.0,0.0,1.0,0.0,0.0,0.0,1.88,20.27420001104474,0.6065999623388052,0.000600004568696022,11.499300017021596,6.909799994900823,4.0,4.662399995140731,2.7655999874696136,0.7100000511854887,0.000500003807246685
1,48,48,-2.767149927798068,0,0,3.0,2.0,0.5228946208953857,0.5135754942893982,1.0,0.7696851491928101,0.7762205600738525,1.0,1.0,1.0,0.7784963250160217,1.0,1.0,1.0,0.5135754942893982,0.5135754942893982,0.7696851491928101,0.7784963250160217,1.0,1.0,0.39180976152420044,-0.7080449461936951,0.8092234134674072,-0.8749684691429138,0.1422252506017685,0.09683147072792053,0.4545454680919647,-0.11170825362205505,0.21814003586769104,-0.9759174585342407,0.0,0.0710599347949028,0.029977111145853996,1.0,-0.11924614012241364,0.0,97.17906951904297,10.498161315917969,12.677417755126953,10.498161315917969,25.0,19.510295867919922,0.08009875565767288,0.9199012443423271,0.41992645263671874,0.5070967102050781,1.0,0.0,0.0,1.0,0.0,-0.2428060332045976,0.2278961469528628,0.3013197963795192,-3.0735598379258526,0.02,-0.0,-0.0213193864713484,-0.00012241530541124514,-0.26943592071533207,0.15,-0.0,0.0,0.0,-0.0,0.0,0.12673160276914897,-0.0,0.25,0.0,0.0,0.0,0.12673160276914897,-0.0,0.0,-0.011177263992881156,-0.013375487605267982,-0.04441107327646909,0.3020641911774874,-0.0,0.26588088028461243,-0.0087890625,0.2659830292954024,-0.0,0.07225799560546875,0.07225799560546875,-0.05,0.15131979637951923,0.10824994742870331,0.2,0.0,-0.0215789269635986,-0.0,-0.8632228269020323,0.0,0.0,-0.0,0.0020209803228237984,-0.10892537120122744,-0.0,0.0,0.0,-2.081853693181818,0.13986341550480574,-0.0,-0.0,-0.0,0.02,0.0,0.0,0.0,0.0,0.0,0.0,0.10824994742870331,10.070165916346014,23.26086922832157,0.4206521686004555,0.0,0.25,0.3499999940395355,3.0,2.0,0.25,0.3499999940395355,0.25,0.3499999940395355,0.25,47.0,1.0,0.0,0.0,0.25,0.25,0.0,0.0,0.0,0.0,0.0,0.0,0.0,0.0,0.0,0.0,0.0,0.0,0.0,0.0,0.0,0.0,0.0,0.0,0.0,0.0,0.0,0.0,0.0,0.0,0.0,0.0,28.0,28.0,28.0,0.0,0.0,0.0,0.0,0.0,1.0,0.0,1.0,0.0,0.0,0.0,1.92,49.517399980686605,0.5345999961718917,0.000600004568696022,41.1533999722451,19.903399981558323,4.0,4.276200081221759,2.7620999608188868,0.7381000323221087,0.009399955160915852
1,49,49,-4.546656576581368,0,0,4.0,3.0,0.5148603916168213,0.5070967078208923,1.0,0.7734823822975159,0.781715452671051,0.4199264645576477,1.0,1.0,0.7804118394851685,1.0,1.0,1.0,0.4199264645576477,0.5070967078208923,0.4199264645576477,0.7804118394851685,1.0,1.0,0.39268913865089417,-0.7082462310791016,0.809825599193573,-0.874566376209259,0.14385950565338135,0.0993039608001709,0.4545454680919647,-0.1138385757803917,0.22700361907482147,-0.973893940448761,0.0,0.08009875565767288,0.03619515523314476,1.0,-0.14702528715133667,1.0,97.2535171508789,10.498161315917969,12.677417755126953,10.498161315917969,25.0,19.510295867919922,0.08009875565767288,0.9199012443423271,0.41992645263671874,0.5070967102050781,1.0,0.0,0.0,1.0,0.0,-0.2259505709209837,0.3987401996480953,0.30377813632036504,-5.043224341628844,0.02,-0.0,-0.0213193864713484,-0.00012241530541124514,0.0,0.15,-0.0,0.0,0.0,-0.0,0.0,0.09908107125588007,-0.05806611617786466,0.25,0.0,0.21818181818181837,0.0,0.12673160276914897,-0.0,0.0,-0.01357525929277926,-0.026750975210535963,-0.053695908877009035,0.3020641911774874,-0.0,0.2739378766568734,0.0,0.2740494290790163,-0.0,0.0744476318359375,0.0744476318359375,-0.05,0.15377813632036505,0.11000857502222061,0.2,0.0,-0.03259860946352568,-0.015061983471074398,-1.3374807205409476,0.0,0.0,-0.0,0.004041960645647597,-0.525481522174597,-0.0,0.0,0.0,-3.0811434659090913,0.14276167808100582,-0.05550000071525574,-0.0,-0.0,0.02,0.0,0.0,0.0,0.0,0.0,0.0,0.11000857502222061,10.27884082183242,32.4,0.7326086850269979,0.0,0.5,0.699999988079071,4.0,3.0,0.5,0.699999988079071,0.3700000047683716,0.699999988079071,0.3700000000000001,48.0,1.0,0.0,0.0,0.5,0.5,1.0,0.1299999999999999,0.0,0.0,0.0,0.0,0.0,0.0,0.0,0.0,0.0,0.0,0.0,0.0,0.0,0.0,0.0,0.0,0.0,0.0,0.0,0.0,0.0,0.0,0.0,0.0,28.0,28.0,28.0,0.0,0.0,0.0,0.0,0.0,1.0,0.0,1.0,0.0,0.0,0.0,1.96,39.553600014187396,0.6145000224933028,0.000600004568696022,31.257900060154498,14.761799946427345,4.0,4.153900081291795,2.908899914473295,0.5882000550627708,0.000500003807246685
1,50,50,-0.8568853444990903,0,0,3.0,1.0,0.5148603916168213,0.5070967078208923,1.0,0.7734823822975159,0.781715452671051,0.4199264645576477,1.0,1.0,0.7804118394851685,1.0,1.0,1.0,0.4199264645576477,0.5070967078208923,0.4199264645576477,0.7804118394851685,1.0,1.0,0.3935803174972534,-0.7084611058235168,0.8104459643363953,-0.8741620779037476,0.14684058725833893,0.18114140629768372,0.6727272868156433,-0.1138385757803917,0.23603615164756775,-0.9717442989349365,0.0,0.08009875565767288,0.03619515523314476,1.0,-0.17776323854923248,1.0,97.32847595214844,12.517935752868652,12.517935752868652,16.31218910217285,25.0,19.557310104370117,0.0889219120144844,0.9110780879855156,0.5007174301147461,0.5007174301147461,1.0,0.0,0.0,1.0,0.0,-0.22718129825264466,2.1675835782906474,0.3026277664880961,-3.119915391025189,0.02,-0.0,-0.0032138161219846923,-0.00012013471185012512,1.570961093902588,0.15,-0.0,0.0,0.0,-0.0,0.0,0.16388173479782908,-0.0,0.25,0.0,0.0,0.0,0.16388173479782908,-0.0,0.0,-0.02063744102932153,-0.0,-0.0643169071723384,0.30779924280941484,-0.0,0.2731732853533231,-0.00048828125,0.27330698299735534,-0.0,0.07495880126953125,0.07495880126953125,-0.05,0.15262776648809606,0.11007144302129745,0.2,0.0,-0.022036691312571723,-0.0,-0.909049431874833,0.0,0.0,0.0,0.0,0.0,-0.0,0.0,0.0,-2.0822975852272725,0.14283040665555746,-0.10653168261051178,-0.0,-0.0,0.02,0.0,0.0,0.0,0.0,0.0,0.0,0.11007144302129745,10.283789279200137,0.0,0.0,0.0,0.25,0.0,3.0,1.0,0.25,0.0,0.25,0.0,0.25,49.0,1.0,0.0,0.0,0.25,0.25,0.0,0.0,0.0,0.0,0.0,0.0,0.0,0.0,0.0,0.0,0.0,0.0,0.0,0.0,0.0,0.0,0.0,0.0,0.0,0.0,0.0,0.0,0.0,0.0,0.0,0.0,28.0,28.0,28.0,0.0,0.0,0.0,0.0,0.0,1.0,0.0,1.0,0.0,0.0,0.0,2.0,45.9061999572441,0.5087999161332846,0.000600004568696022,38.33210002630949,18.08340009301901,4.0,3.849100088700652,2.6121000992134213,0.573699944652617,0.000500003807246685
